Tweet,Author,Date
"ESPN | Canadiens de Montr√©al goalie Carey Price #31 met a young fan whose mother, before dying of cancer,... https://t.co/PCymLycd2Z https://t.co/7x8FYDhQ9S",Most Watched Video,2019-03-01 01:37:13
RT @jdsnowdy: Lots of people asking tonight about Gerry Butts being a guest of SNC‚Äôs in their VIP suite for Montreal Canadiens games. How m‚Ä¶,Greg Nault,2019-03-01 01:37:10
I think I may hate these Islanders fans more than the Montreal Canadiens. And I REALLY hate the Habs. #JT91,Anthony Pawluk,2019-03-01 01:36:55
RT @sigg20: ‚ÄúOld Days‚ÄùRogie Vachon makes the save as Bob Nevin hopes for a rebound during the 1967 Canadiens-Rangers Stanley Cup Playoffs a‚Ä¶,Chris,2019-03-01 01:31:47
"with thanks for sharing @stevelambertwinnipg big love the my Habs, and Carey Price... such an amazing guy- with lots of heart.  My fav team member, though, is my nephew in law who is back in Montreal - where he belongs #DaleWeise #canadiens https://t.co/trLYB4Nil7",L Nadine  De Lisle,2019-03-01 01:17:16
RT @jdsnowdy: Lots of people asking tonight about Gerry Butts being a guest of SNC‚Äôs in their VIP suite for Montreal Canadiens games. How m‚Ä¶,WS Franküß¢üá®üá¶üá∫üá∏üá¨üáßüá¶üá∫,2019-03-01 01:15:27
RT @sigg20: ‚ÄúOld Days‚ÄùRogie Vachon makes the save as Bob Nevin hopes for a rebound during the 1967 Canadiens-Rangers Stanley Cup Playoffs a‚Ä¶,steven hochman,2019-03-01 01:11:19
NHL players say Carey Price still the most clutch goalie in the game üëÄüëÄ https://t.co/i3IwZmSkeK #GoHabsGo https://t.co/lZkhq2q1on,Daily Hive Montreal,2019-03-01 01:10:04
‚ÄúOld Days‚ÄùRogie Vachon makes the save as Bob Nevin hopes for a rebound during the 1967 Canadiens-Rangers Stanley Cup Playoffs at Madison Square Garden.#NYR‚Å† ‚Å† #newyorkrangers #Canadiens #Montreal #Habs #1960s #NHL #MSG https://t.co/ictSAeXRCR,Tom's Old Days,2019-03-01 01:09:37
"Carey Price Hugs Young Fan: Canadiens goalie shares a moment that will get you in your feels üé• (@GoalieGearNerd)

https://t.co/pvwTw4wsKg.   #NHL.",Zack,2019-03-01 01:09:11
"Class act, Carey Price. #Habs

https://t.co/xGPautyrEn",brad,2019-03-01 01:07:16
Carey Price goes above and beyond for boy who lost his mom to cancer ‚ù§Ô∏èüíô https://t.co/xxECBBWXiD #GoHabsGo https://t.co/MPUHGv5kcu,Daily Hive Montreal,2019-03-01 00:58:04
Wow!  Angel on earth. This child lost his mom to that horrible disease of cancer. Getting the opportunity to meet his idol Carey Price of the Montreal Canadiens which his mom promised he would. The gesture Carey gave...just wow!  He will feel that hug for a long time. https://t.co/rOB5HBkI3x,Dean Paloumpis,2019-03-01 00:57:32
Selfies with fans. Sticks given out every night. Special needs people meeting mascots. But this is the coolest thing I‚Äôve seen all season https://t.co/vgV7kjL78X,Andrew Novosel,2019-03-01 00:49:19
"Carey Price Hugs Young Fan: Canadiens goalie shares a moment that will get you in your feels üé• (@GoalieGearNerd)

https://t.co/KSLeVRLeeW",Rachel Bergen,2019-03-01 00:49:09
RT @jdsnowdy: Lots of people asking tonight about Gerry Butts being a guest of SNC‚Äôs in their VIP suite for Montreal Canadiens games. How m‚Ä¶,@WinterVillage,2019-03-01 00:44:38
"A few years back, I took this Canadian producer, stevekravac to see the soon to be #StanleyCupChampions @lakings play his Montreal Canadiens. #LAKings #slickshoes #hockey #ThePenaltyBox‚Ä¶ https://t.co/AdF971IbKa",Jeremiah,2019-03-01 00:38:46
"RT @kuklaskorner: Evening Hockey Thoughts: from Elliotte Friedman of Sportsnet, -¬†Sportsnet‚Äôs Marc Savard feels the Senators have a legitim‚Ä¶",‚ö†Ô∏èGuy On The Couch‚ö†Ô∏è,2019-03-01 00:28:08
"Not a Montreal Canadiens fan, but what a classy move buy such a great athlete. A lot of other players in other sports might not have done this for this kid at all. https://t.co/VAkQ0tPor5",Matthew Conroy,2019-03-01 00:27:09
RT @jdsnowdy: Lots of people asking tonight about Gerry Butts being a guest of SNC‚Äôs in their VIP suite for Montreal Canadiens games. How m‚Ä¶,"Her Royal Highness Boobless McDale, aka Bumboclaat",2019-03-01 00:12:30
RT @jdsnowdy: Lots of people asking tonight about Gerry Butts being a guest of SNC‚Äôs in their VIP suite for Montreal Canadiens games. How m‚Ä¶,MR. AGB,2019-03-01 00:02:25
"@KikkiPlanet I just want to clarify that, despite my distaste for him, I have believed he should resign. The SNC scandal and the fact he‚Äôs a Montreal Canadiens fan have changed that though. ;)",Joel Teeling,2019-02-28 23:58:33
RT @jdsnowdy: Lots of people asking tonight about Gerry Butts being a guest of SNC‚Äôs in their VIP suite for Montreal Canadiens games. How m‚Ä¶,Darren Ferguson,2019-02-28 23:58:15
"Moving story of Carey Price's compassion and being a fellow human being. Proud of Carey Price and the Montreal Canadiens for making this happen for this fine young man and his family. Class. 
Watch: 'Carey Price was a class act' in making Toronto boy's day https://t.co/FZreP5PzkM",Dan Hirashima,2019-02-28 23:57:40
"Evening Hockey Thoughts: from Elliotte Friedman of Sportsnet, -¬†Sportsnet‚Äôs Marc Savard feels the Senators have a legitimate chance to re-sign Duchene. Very curious to see if Montreal becomes a rival for his services. The Canadiens looked into it, but‚Ä¶ https://t.co/WDoK0opVik",Kukla's Korner,2019-02-28 23:40:02
Injuries in the prospect pool for the Montreal Canadiens - National Hockey League News - https://t.co/Fhnhe64M3D https://t.co/XVMwASaV9e,MLB &NHL News Now,2019-02-28 23:36:11
"Meeting his idol, Carey Price of the Montreal Canadiens! https://t.co/cHHx0nez1u",JUSTIN ANDERSON,2019-02-28 23:36:03
Injuries in the prospect pool for the Montreal Canadiens #Canadiens  https://t.co/6NrSttKLlz https://t.co/LAgEWy5duv,Canadiens Report,2019-02-28 23:36:00
RT @jdsnowdy: Lots of people asking tonight about Gerry Butts being a guest of SNC‚Äôs in their VIP suite for Montreal Canadiens games. How m‚Ä¶,Heather Paddle,2019-02-28 23:35:26
i was gonna say that the maple leafs being named the maple leafs was the must unoriginal canadian thing ever but i remembered about the montreal canadiens https://t.co/NYmKCZKn8m #Habs,MtlCanadiens,2019-02-28 23:26:10
RT @scottmatla: The #Habs saw the best versions of Max Domi and Andrew Shaw  https://t.co/lwcYqFmRFf,Don Treagus,2019-02-28 23:25:22
RT @HabsEOTP: Road to 315: Carey Price passes Patrick Roy in fitting fashion https://t.co/zFsAbKNxFo,Don Treagus,2019-02-28 23:19:25
"RT @CanadiensMTL: 1/3 The Montreal Canadiens condemn any behavior that targets any player, coach, official or fan based upon race, creed or‚Ä¶",Jason Foldes,2019-02-28 23:18:03
RT @HabsEOTP: Habsent Minded Episode 26: The playoff push continues https://t.co/suYt80nYXh,Don Treagus,2019-02-28 23:11:25
RT @jdsnowdy: Lots of people asking tonight about Gerry Butts being a guest of SNC‚Äôs in their VIP suite for Montreal Canadiens games. How m‚Ä¶,Brian Smith,2019-02-28 23:10:05
"@sue_cord I have always loved Carey Price: best goalie in the NHL, and such a gentleman, so caring. He's the reason I am still a Montr√©al Canadiens fan after all these years (sorry Ottawa Sens...).",EJ Phillipsonüá®üá¶,2019-02-28 23:06:31
RT @HabsEOTP: Road to 315: Carey Price passes Patrick Roy in fitting fashion https://t.co/zFsAbKNxFo,Eyes on the Prize,2019-02-28 23:00:22
"RT @VintScoreboards: Montreal Forum, 1967. Canadiens vs. New York Rangers ... https://t.co/QUJZXWSXAO",Gregorio Lagana,2019-02-28 22:57:51
"Tammy Whitehead is feeling blessed at Scotiabank Arena.
February 23 at 3:40 PM ¬∑ Toronto, ON
I wanted to share this video of my nephew Anderson, meeting his idol, Carey Price of the Montreal Canadiens. Last year... https://t.co/02RoJnrYM6",Bonjour-Hi Quebec,2019-02-28 22:44:25
RT @jdsnowdy: Lots of people asking tonight about Gerry Butts being a guest of SNC‚Äôs in their VIP suite for Montreal Canadiens games. How m‚Ä¶,Jon_McMe‚Ñ¢ üç∫üá∫üá∏üá®üá¶,2019-02-28 22:39:59
RT @jdsnowdy: Lots of people asking tonight about Gerry Butts being a guest of SNC‚Äôs in their VIP suite for Montreal Canadiens games. How m‚Ä¶,Chris H Fairley_üá®üá¶,2019-02-28 22:39:22
The Junior Canadiens or Montreal Canadiens? Probs the 1st lol https://t.co/4tJXEldY3d,Costa Rontzocos,2019-02-28 22:27:59
"*thinks about the resources currently behind the Montr√©al Canadiens*

We should abolish salary caps entirely.

Your 2020 MolsonCoors‚ÄìAir Canada‚ÄìBell‚ÄìBrazzers‚Äì Caisse‚ÄìCN‚ÄìDesjardins‚ÄìEA‚ÄìHydro-Qu√©bec‚ÄìPornhub‚ÄìSeagram‚ÄìSNC-Lavalin (hmmm)‚ÄìUbisoft-VICE Montr√©al Canadiens! https://t.co/4XATWXin9L",don't c√¢lice we'll call you,2019-02-28 22:27:38
RT @jdsnowdy: Lots of people asking tonight about Gerry Butts being a guest of SNC‚Äôs in their VIP suite for Montreal Canadiens games. How m‚Ä¶,Becky Van Sant,2019-02-28 22:24:54
RT @jdsnowdy: Lots of people asking tonight about Gerry Butts being a guest of SNC‚Äôs in their VIP suite for Montreal Canadiens games. How m‚Ä¶,Mrs. ProFreedomIndividualistüçÅ,2019-02-28 22:23:16
Love my boyfriend‚Äôs parents ‚ù§Ô∏è unexpected trip to New York for tomorrow nights Montreal Canadiens game üèí,üëë,2019-02-28 22:23:00
"Just a couple of hockey moms! Such a treat to spend time with one of my favorite brides on Valentine‚Äôs Day at the Canadiens de Montr√©al and Nashville Predators game! 
.
.
.
.
.
#hockey #hockeymom #sheaweber... https://t.co/r7HdTgIl6O",Signature Events,2019-02-28 22:21:39
The Habs can add despite the passing deadline (via @OLW93) https://t.co/xIMta1EsDG,George Jackson,2019-02-28 22:14:16
My dislike for the Montreal Canadiens might not be measurable. BUT class can't be denied and this is truly amazing to see. @CP0031 https://t.co/gL3qV4yv6U,Jamie C,2019-02-28 22:13:36
See the latest post from Montreal Canadiens on Google https://t.co/I7Bh6FkSn4,George Jackson,2019-02-28 22:12:51
Montreal Canadiens vs. New York Rangers ‚Äì 3/1/2019 Free Pick &amp; NHL Betting Prediction -  https://t.co/DHACQOlQo7,Razor Ray Monohan,2019-02-28 22:11:47
"RT @LowerLevel: Anyone need an old fashion phone that you can't hide in your pocket?

My guess is your significant other would love to see‚Ä¶",Winnipeg MB Sports,2019-02-28 22:04:12
"RT @Sportwetten_Mag: New York Rangers gegen Montreal Canadiens 02.03.2019, NHL https://t.co/F0UmJ6tmYY #eishockey #montrealcanadiens",Eishockey News,2019-02-28 22:00:05
RT @jdsnowdy: Lots of people asking tonight about Gerry Butts being a guest of SNC‚Äôs in their VIP suite for Montreal Canadiens games. How m‚Ä¶,Mark E. W. Hudson,2019-02-28 21:58:24
RT @jdsnowdy: Lots of people asking tonight about Gerry Butts being a guest of SNC‚Äôs in their VIP suite for Montreal Canadiens games. How m‚Ä¶,Dan Miles,2019-02-28 21:56:49
"RT @VintScoreboards: Montreal Forum, 1967. Canadiens vs. New York Rangers ... https://t.co/QUJZXWSXAO",Andrew Szep üèí,2019-02-28 21:47:46
"RT @VintScoreboards: Montreal Forum, 1967. Canadiens vs. New York Rangers ... https://t.co/QUJZXWSXAO",Classic TV Sports,2019-02-28 21:46:14
"New York Rangers gegen Montreal Canadiens 02.03.2019, NHL https://t.co/F0UmJ6tmYY #eishockey #montrealcanadiens",Sportwetten Magazin,2019-02-28 21:43:09
RT @jdsnowdy: Lots of people asking tonight about Gerry Butts being a guest of SNC‚Äôs in their VIP suite for Montreal Canadiens games. How m‚Ä¶,Barbara Knowles,2019-02-28 21:43:09
"@danascully73 @JohnJohnstath @jfootiemad @windsor_wolf @sjllilley @MandyAdden @SteveKirkwood6 @SkySportsRL @LondonBroncosRL @leedsrhinos Agree completely.

As an aside: Leeds Rhinos, Oakland Raiders, Montreal Canadiens, Yorkshire CCC - that's QUITE the collection of clubs you support.",The Wolfpack Pack,2019-02-28 21:42:16
Montreal standing pat at the deadline was a sensible decision - Habs Eyes on the Prize https://t.co/C1GCk7X5kZ,The Daily Sensible,2019-02-28 21:35:25
RT @jdsnowdy: Lots of people asking tonight about Gerry Butts being a guest of SNC‚Äôs in their VIP suite for Montreal Canadiens games. How m‚Ä¶,Mi'kmaq Canadian,2019-02-28 21:34:56
"The ""Price"" is right for our NEW Montreal #Canadiens Mystery Box, as every box includes one guaranteed Carey Price autographed item.üí•

‚ñ∂Ô∏è https://t.co/nfK2NT6dC7 https://t.co/lkTMKH8Ivn",Frameworth,2019-02-28 21:32:29
RT @jdsnowdy: Lots of people asking tonight about Gerry Butts being a guest of SNC‚Äôs in their VIP suite for Montreal Canadiens games. How m‚Ä¶,Coyote 1919,2019-02-28 21:28:05
"RT @CanadiensMTL: 1/3 The Montreal Canadiens condemn any behavior that targets any player, coach, official or fan based upon race, creed or‚Ä¶",Stephen R. Greenwood,2019-02-28 21:24:35
RT @jdsnowdy: Lots of people asking tonight about Gerry Butts being a guest of SNC‚Äôs in their VIP suite for Montreal Canadiens games. How m‚Ä¶,"Kevin Secord, UE",2019-02-28 21:19:47
"40 cent auction. Check out my 2018-19 Upper Deck Clear Cut Max Domi (‚Å¶@max_domi‚Å©) Montreal Canadiens Card #348 https://t.co/DIjAr9pB55 ‚Å¶@eBay‚Å© 

#TheHobby #ShipSafe #GoHabsGo #Series2

Find more of my ‚Å¶@CanadiensMTL‚Å© cards here:

https://t.co/tEtbVZG6Lu",Halifax Cards,2019-02-28 21:16:51
Stu Cowan: Max Domi has been Mr. Cool with the Canadiens #montreal #canadiens #GoHabsGo #bhivechat #bhivenectar #bhivelabs https://t.co/BhyRR41ygD,BHIVE HABS,2019-02-28 21:12:36
RT @jdsnowdy: Lots of people asking tonight about Gerry Butts being a guest of SNC‚Äôs in their VIP suite for Montreal Canadiens games. How m‚Ä¶,Ms. Joanne Myers,2019-02-28 21:04:08
RT @jdsnowdy: Lots of people asking tonight about Gerry Butts being a guest of SNC‚Äôs in their VIP suite for Montreal Canadiens games. How m‚Ä¶,SlimPickens üòéüá®üá¶üòéüá®üá¶,2019-02-28 20:56:38
RT @jdsnowdy: Lots of people asking tonight about Gerry Butts being a guest of SNC‚Äôs in their VIP suite for Montreal Canadiens games. How m‚Ä¶,Kerry Co,2019-02-28 20:56:29
"RT @CanadiensMTL: 1/3 The Montreal Canadiens condemn any behavior that targets any player, coach, official or fan based upon race, creed or‚Ä¶",Devon Hawkes,2019-02-28 20:44:29
Red Wings get back to 'basic principles' after ugly loss to Canadiens https://t.co/5VR4r1Juoo via @detroitnews,Steve Wilkinson,2019-02-28 20:43:53
"RT @AllHabs: Saturday vs Pittsburgh is the Habs hottest ticket until the home finale vs TOR.

Need the #LowPriceGuarantee on tickets? Check‚Ä¶",Habs Unfiltered - It's Pretty Mint,2019-02-28 20:36:52
RT @jdsnowdy: Lots of people asking tonight about Gerry Butts being a guest of SNC‚Äôs in their VIP suite for Montreal Canadiens games. How m‚Ä¶,Merry Widow,2019-02-28 20:31:52
"RT @AllHabs: Saturday vs Pittsburgh is the Habs hottest ticket until the home finale vs TOR.

Need the #LowPriceGuarantee on tickets? Check‚Ä¶",Canadiens Connection,2019-02-28 20:24:45
"RT @AllHabs: Saturday vs Pittsburgh is the Habs hottest ticket until the home finale vs TOR.

Need the #LowPriceGuarantee on tickets? Check‚Ä¶",Rocket Sports Media,2019-02-28 20:24:39
"Saturday vs Pittsburgh is the Habs hottest ticket until the home finale vs TOR.

Need the #LowPriceGuarantee on tickets? Check out @Ticket_IQ now: https://t.co/1JJ6NphMpw &amp; DM them for the AllHabs discount code!
#Habs #GoHabsGo",All Habs (Canadiens),2019-02-28 20:24:32
RT @HabsEOTP: Road to 315: Carey Price passes Patrick Roy in fitting fashion https://t.co/zFsAbKNxFo,PascalGauthier,2019-02-28 20:16:17
RT @jdsnowdy: Lots of people asking tonight about Gerry Butts being a guest of SNC‚Äôs in their VIP suite for Montreal Canadiens games. How m‚Ä¶,Nathan Pronk-author,2019-02-28 20:14:52
RT @jdsnowdy: Lots of people asking tonight about Gerry Butts being a guest of SNC‚Äôs in their VIP suite for Montreal Canadiens games. How m‚Ä¶,Elect Conservatives,2019-02-28 20:03:11
RT @detnews_sports: Red Wings get back to 'basic principles' after ugly loss to Canadiens. Notebook from @tkulfan https://t.co/FkpJ4YtJCF h‚Ä¶,Mark Falkner,2019-02-28 20:01:27
i was gonna say that the maple leafs being named the maple leafs was the must unoriginal canadian thing ever but i remembered about the montreal canadiens,violet,2019-02-28 20:00:29
RT @detnews_sports: Red Wings get back to 'basic principles' after ugly loss to Canadiens. Notebook from @tkulfan https://t.co/FkpJ4YtJCF h‚Ä¶,The Detroit News,2019-02-28 19:59:47
Red Wings get back to 'basic principles' after ugly loss to Canadiens. Notebook from @tkulfan https://t.co/FkpJ4YtJCF https://t.co/tDXoChYKrw,Detroit News Sports,2019-02-28 19:59:35
New York Rangers vs. Montreal Canadiens - 3/1/19 NHL -  https://t.co/baAVKINjL4,Mark Roberts,2019-02-28 19:59:15
Montreal Canadiens Prospect Nick Suzuki Ready To Face¬†Russia https://t.co/GxS0WUN5jV https://t.co/eZZCheZUDw,Lost Leafs,2019-02-28 19:56:42
"@SethMacFarlane Also, played left wing for the Montreal Canadiens in the 60's.",BARSTOW,2019-02-28 19:56:20
"@juliaioffe I was there just a few weeks after it opened. A Montrealer owned that store &amp; had a Montreal kid running it. I was there doing a TV doc on the Canadiens hockey team visiting. We were standing outside &amp; I heard someone call my name, The manager recognized me. We skipped the line!",Tom Harrington,2019-02-28 19:54:34
#Montreal #Canadiens vs¬†#Detroit #RedWings February 26 2019 Photo Gallery&gt;&gt;&gt;https://t.co/Hn2EXRlzXU ##Habs #LGRW #NHL #Hockey,In Play! Magazine,2019-02-28 19:51:56
"@HouRocketsBR Charlotte Hornets
SF 49ers
Montreal Canadiens
NY Yankees",NBA de Boteco,2019-02-28 19:51:10
"Carey Price #31 is a great human being.  Seen him do this many times with the Canadiens de Montr√©al and Tri-City Americans.

If we all took time for others, how much better would the world be?

Thanks, Carey for being awesome! https://t.co/L6lyUk6KbR",Greg Kettner,2019-02-28 19:47:04
"RT @CanadiensMTL: 1/3 The Montreal Canadiens condemn any behavior that targets any player, coach, official or fan based upon race, creed or‚Ä¶",Dana,2019-02-28 19:46:26
RT @jdsnowdy: Lots of people asking tonight about Gerry Butts being a guest of SNC‚Äôs in their VIP suite for Montreal Canadiens games. How m‚Ä¶,JForest,2019-02-28 19:35:50
"I wanted to share this video of my nephew Anderson, meeting his idol, Carey Price of the Montreal Canadiens. Last year as Anderson‚Äôs mom was dying of cancer she promised she would do‚Ä¶ https://t.co/GrsSCqRrol",Matthieu Meignan,2019-02-28 19:24:55
Carey Price of the Montreal Canadiens is the man. That kid will always remember this kind gesture. https://t.co/3RgXhdmAXO,Tony in NC,2019-02-28 19:21:35
Cheap Montreal Canadiens SAP Center Tickets with Promo Code https://t.co/n5uXLJ3fRw,Capital City Tickets,2019-02-28 19:15:10
"@ghgm do it

https://t.co/4JmKaL3KI9",Taylor üî•2019 Will Be Hellüî• Carver,2019-02-28 18:57:28
"Anyone need an old fashion phone that you can't hide in your pocket?

My guess is your significant other would love to see this in your household.

#Montreal #Canadiens #Phone #Mask #Collectible #Available #Technology #Winnipeg #Manitoba #Store #Shop https://t.co/b2Je7BKrQA",Sports Cards,2019-02-28 18:56:49
RT @jdsnowdy: Lots of people asking tonight about Gerry Butts being a guest of SNC‚Äôs in their VIP suite for Montreal Canadiens games. How m‚Ä¶,George A. Johnstone,2019-02-28 18:55:55
"RT @CanadiensMTL: 1/3 The Montreal Canadiens condemn any behavior that targets any player, coach, official or fan based upon race, creed or‚Ä¶",Haze tK,2019-02-28 18:53:12
"RT @CanadiensMTL: 1/3 The Montreal Canadiens condemn any behavior that targets any player, coach, official or fan based upon race, creed or‚Ä¶",Vincent Blain üçÅ,2019-02-28 18:50:44
RT @jdsnowdy: Lots of people asking tonight about Gerry Butts being a guest of SNC‚Äôs in their VIP suite for Montreal Canadiens games. How m‚Ä¶,Finestkind,2019-02-28 18:49:00
RT @jdsnowdy: Lots of people asking tonight about Gerry Butts being a guest of SNC‚Äôs in their VIP suite for Montreal Canadiens games. How m‚Ä¶,(((Ms. Tracy))),2019-02-28 18:48:21
RT @jdsnowdy: Lots of people asking tonight about Gerry Butts being a guest of SNC‚Äôs in their VIP suite for Montreal Canadiens games. How m‚Ä¶,Jarod,2019-02-28 18:40:28
RT @jdsnowdy: Lots of people asking tonight about Gerry Butts being a guest of SNC‚Äôs in their VIP suite for Montreal Canadiens games. How m‚Ä¶,TJay,2019-02-28 18:40:05
"RT @CanadiensMTL: 1/3 The Montreal Canadiens condemn any behavior that targets any player, coach, official or fan based upon race, creed or‚Ä¶",NYC Habs,2019-02-28 18:38:18
This week we're talking about sports hate in our What Sports Mean To Me series! @CBeataE discusses the many things that make the Habs the most annoying team in hockey. https://t.co/WtEMVs4VLm https://t.co/HOla2ftkSE,Fangirlish,2019-02-28 18:34:58
This week we're talking about sports hate in our What Sports Mean To Me series! @CBeataE discusses the many things that make the Habs the most annoying team in hockey. https://t.co/RyezoHvmjT https://t.co/AIQ0SAvnkC,Fangirlish,2019-02-28 18:34:58
This week we're talking about sports hate in our What Sports Mean To Me series! @CBeataE discusses the many things that make the Habs the most annoying team in hockey. https://t.co/ruuzkSCXfz https://t.co/ZnuWyOZEcW,Fangirlish,2019-02-28 18:34:58
We watched Carey Price grow into one classy ass man and one hell of a hockey player and that‚Äôs something I‚Äôm thankful for as a Montreal Canadiens fan.,Coralie,2019-02-28 18:28:26
Two roster changes for the Montreal Canadiens Alumni roster for Sunday's game at Maxcy. JOCELYN LEMIEUX and FR√âD√âRIC ST-DENIS will be replacing Guillaume Latendresse and Pierre Dagenais #PotsdamBears #PotsdamHockey,Potsdam Athletics,2019-02-28 18:24:30
"RT @CanadiensMTL: 1/3 The Montreal Canadiens condemn any behavior that targets any player, coach, official or fan based upon race, creed or‚Ä¶",Tom_Metiv,2019-02-28 18:20:09
"RT @MrSeanGordon: Well, this is happening tomorrow, it would be nice if you joined in.

https://t.co/9tY12FBMBF",Veronica üå∂ üêë,2019-02-28 18:08:01
"RT @CanadiensMTL: 1/3 The Montreal Canadiens condemn any behavior that targets any player, coach, official or fan based upon race, creed or‚Ä¶",DrDevil87,2019-02-28 18:05:16
@revolutionaren @takarajewels Omg!!!!! How in the heck did a Montreal Canadiens sweater end up in a vintage shop in Britain! Very neat :D looks great on you!!,Tarah,2019-02-28 18:03:08
"RT @VintScoreboards: Montreal Forum, 1967. Canadiens vs. New York Rangers ... https://t.co/QUJZXWSXAO",Frank Delonjay,2019-02-28 18:00:27
RT @jdsnowdy: Lots of people asking tonight about Gerry Butts being a guest of SNC‚Äôs in their VIP suite for Montreal Canadiens games. How m‚Ä¶,RalphieWiggum #parodycabinet,2019-02-28 17:59:30
"Well, this is happening tomorrow, it would be nice if you joined in.

https://t.co/9tY12FBMBF",Sean Gordon,2019-02-28 17:58:14
"Have a question about the Montreal Canadiens that you want answered? @MrSeanGordon has you covered. For details on his live Q&amp;A, check out the link below. 
https://t.co/RB921AX8kA",The Athletic,2019-02-28 17:54:59
"RT @CanadiensMTL: 1/3 The Montreal Canadiens condemn any behavior that targets any player, coach, official or fan based upon race, creed or‚Ä¶",Fans des Canadiens de Montr√©al,2019-02-28 17:53:24
RT @jdsnowdy: Lots of people asking tonight about Gerry Butts being a guest of SNC‚Äôs in their VIP suite for Montreal Canadiens games. How m‚Ä¶,Billy Blare 2.0 #yellowtoques,2019-02-28 17:53:09
"RT @VintScoreboards: Montreal Forum, 1967. Canadiens vs. New York Rangers ... https://t.co/QUJZXWSXAO",Jim Carlisle,2019-02-28 17:49:45
"RT @CanadiensMTL: 1/3 The Montreal Canadiens condemn any behavior that targets any player, coach, official or fan based upon race, creed or‚Ä¶",Doug McLaughlin,2019-02-28 17:49:13
"Montreal Forum, 1967. Canadiens vs. New York Rangers ... https://t.co/QUJZXWSXAO",Vintage Scoreboards,2019-02-28 17:48:50
RT @jdsnowdy: Lots of people asking tonight about Gerry Butts being a guest of SNC‚Äôs in their VIP suite for Montreal Canadiens games. How m‚Ä¶,Justen Cotay üá®üá¶,2019-02-28 17:48:43
"RT @DrWasty: @CanadiensMTL are with me no matter where I go: all the way from #Kutupalong #Rohingya refugee camp in Bangladesh, Go #Habs Go‚Ä¶",Samrah,2019-02-28 17:47:33
RT @jdsnowdy: Lots of people asking tonight about Gerry Butts being a guest of SNC‚Äôs in their VIP suite for Montreal Canadiens games. How m‚Ä¶,Darryl T Jackson,2019-02-28 17:42:38
"Byron, Paul #41 (RW)  Montreal Canadiens (10) - Illness - DAY-TO-DAY",Officepools Feed,2019-02-28 17:38:49
RT @jdsnowdy: Lots of people asking tonight about Gerry Butts being a guest of SNC‚Äôs in their VIP suite for Montreal Canadiens games. How m‚Ä¶,Mrs. Fed Up With Liberal Ideologues ruining Canada,2019-02-28 17:30:15
"RT @CanadiensMTL: 1/3 The Montreal Canadiens condemn any behavior that targets any player, coach, official or fan based upon race, creed or‚Ä¶",Annie,2019-02-28 17:30:14
RT @HabsEOTP: Habsent Minded Episode 26: The playoff push continues https://t.co/suYt80nYXh,SB Nation NHL,2019-02-28 17:27:13
"Wow, awesome win the other day Montreal Canadiens! https://t.co/oMzJNdm63Y #Habs",MtlCanadiens,2019-02-28 17:25:49
"RT @CanadiensMTL: 1/3 The Montreal Canadiens condemn any behavior that targets any player, coach, official or fan based upon race, creed or‚Ä¶",kenza,2019-02-28 17:24:15
"RT @DrWasty: @CanadiensMTL are with me no matter where I go: all the way from #Kutupalong #Rohingya refugee camp in Bangladesh, Go #Habs Go‚Ä¶","Chris ""Bozo"" Jones",2019-02-28 17:20:29
"@CanadiensMTL are with me no matter where I go: all the way from #Kutupalong #Rohingya refugee camp in Bangladesh, Go #Habs Go! 

#GoHabsGo #CH #GHG #NHL #Canadiens #Montreal
@OBAT_Canada @OBATHelpers https://t.co/TziF213E4m https://t.co/miVpuU0rOx",Shujaat Wasty,2019-02-28 17:19:50
Habsent Minded Episode 26: The playoff push continues for the #Habs https://t.co/weMyPFUtjU,Jared Book,2019-02-28 17:03:16
Habsent Minded Episode 26: The playoff push continues https://t.co/suYt80nYXh,Eyes on the Prize,2019-02-28 17:00:10
"Saku, on and off the ice, was my hero and the biggest influence while growing up playing hockey. His contribution to his club convey‚Äôs in this video, with addition of being the first non-French-speaking captain of Le Canadiens du Montreal https://t.co/sn9bvNqxGR",Jussi Karttunen,2019-02-28 16:56:59
RT @jdsnowdy: Lots of people asking tonight about Gerry Butts being a guest of SNC‚Äôs in their VIP suite for Montreal Canadiens games. How m‚Ä¶,Viv & Jim,2019-02-28 16:51:50
"@Bwats21 @JapersRink kinda seemed more like he gave up 
 https://t.co/IXVO4Zreol",Jon,2019-02-28 16:45:12
"RT @CanadiensMTL: 1/3 The Montreal Canadiens condemn any behavior that targets any player, coach, official or fan based upon race, creed or‚Ä¶",Ripken77,2019-02-28 16:40:04
"RT @CanadiensMTL: 1/3 The Montreal Canadiens condemn any behavior that targets any player, coach, official or fan based upon race, creed or‚Ä¶",Denise Boyter,2019-02-28 16:39:12
RT @jdsnowdy: Lots of people asking tonight about Gerry Butts being a guest of SNC‚Äôs in their VIP suite for Montreal Canadiens games. How m‚Ä¶,(((Mrs. Toronto Mom))),2019-02-28 16:34:03
"RT @CanadiensMTL: 1/3 The Montreal Canadiens condemn any behavior that targets any player, coach, official or fan based upon race, creed or‚Ä¶",‚Ñ≠ùîâ ‚úö,2019-02-28 16:28:27
MONTREAL CANADIENS https://t.co/Ns9OuIIHRC,Gloria Korlou,2019-02-28 16:27:58
"@Marisa_Ingemi Right. I mean, Les Canadiennes completely rebranded (used to be Montreal Stars) to match the Canadiens. If only the Canadiens would really earnestly buy in.",Eleni ü§ó,2019-02-28 16:21:45
RT @jdsnowdy: Lots of people asking tonight about Gerry Butts being a guest of SNC‚Äôs in their VIP suite for Montreal Canadiens games. How m‚Ä¶,The BLUE,2019-02-28 16:21:04
RT @jdsnowdy: Lots of people asking tonight about Gerry Butts being a guest of SNC‚Äôs in their VIP suite for Montreal Canadiens games. How m‚Ä¶,Traci Madison,2019-02-28 16:18:57
"@CodComrade Hilarious ü§£ 
It‚Äôs the nickname for the Montreal Canadiens.",Bunni-Katie,2019-02-28 16:10:49
RT @HabsEOTP: Road to 315: Carey Price passes Patrick Roy in fitting fashion https://t.co/zFsAbKNxFo,Alex Manley,2019-02-28 16:01:47
"RT @CanadiensMTL: 1/3 The Montreal Canadiens condemn any behavior that targets any player, coach, official or fan based upon race, creed or‚Ä¶",Dave Keen,2019-02-28 16:01:35
"OHA Jr. A: Richard Lemieux‚Äôs (pic) 2 goals led Montreal Jr. Canadiens to a 4-2 win before a crowd of 3311 at Hamilton. Marc Tardif and Guy Charron also scored for Montreal, while Dave Gilmour and Terry Newman replied for the Red Wings. https://t.co/2iF5QHmhqy",1969 Hockey Tweets,2019-02-28 15:57:00
RT @jdsnowdy: Lots of people asking tonight about Gerry Butts being a guest of SNC‚Äôs in their VIP suite for Montreal Canadiens games. How m‚Ä¶,Drizzy üìö,2019-02-28 15:38:12
Julien among top names in Adams race (via @OLW93) https://t.co/UjmRr52gxP,Tony Brice üè≥Ô∏è‚Äçüåà ‚ú° üá®üá¶ üá∫üá∏ üóΩ,2019-02-28 15:37:52
The Habs can add despite the passing deadline (via @OLW93) https://t.co/fQ6R2SToWE,Tony Brice üè≥Ô∏è‚Äçüåà ‚ú° üá®üá¶ üá∫üá∏ üóΩ,2019-02-28 15:37:38
"RT @CanadiensMTL: 1/3 The Montreal Canadiens condemn any behavior that targets any player, coach, official or fan based upon race, creed or‚Ä¶",Melody McCrindle,2019-02-28 15:37:11
How to handle goaltending heading into the weekend (via @OLW93) https://t.co/GFyKhatDeG,Tony Brice üè≥Ô∏è‚Äçüåà ‚ú° üá®üá¶ üá∫üá∏ üóΩ,2019-02-28 15:36:48
"RT @CanadiensMTL: 1/3 The Montreal Canadiens condemn any behavior that targets any player, coach, official or fan based upon race, creed or‚Ä¶",Edgar 54,2019-02-28 15:30:21
"RT @CanadiensMTL: 1/3 The Montreal Canadiens condemn any behavior that targets any player, coach, official or fan based upon race, creed or‚Ä¶",Adam Borowski,2019-02-28 15:27:55
"Both Montreal teams are featured in head-to-head showdowns which will go far to determine the Canadian Division playoff seeds.

Maroons must win against TML to have a good shot at the 3rd/final playoff berth, and a Canadiens win would put them well ahead of the Americans for 1st. https://t.co/MvK68JOA5T",1929 NHL Tweets,2019-02-28 15:21:40
"Tonight may be the most important day of the NHL regular season.

New York Rangers (A-1) @ Chicago Black Hawks (A-5) (in Detroit)
Toronto Maple Leafs (C-3) @ Montreal Maroons (C-3)
Montreal Canadiens (C-1) @ New York Americans (C-1)
Boston Bruins (A-2) @ Ottawa Senators (C-5)",1929 NHL Tweets,2019-02-28 15:20:37
Keeping Antti Niemi Was The Right Move for the Montreal Canadiens https://t.co/eYKVhdgRdL,yoshii,2019-02-28 15:08:53
Road to 315: Carey Price passes Patrick Roy in fitting fashion https://t.co/zFsAbKNxFo,Eyes on the Prize,2019-02-28 15:00:09
RT @TLNdc: There‚Äôs 77 million trillion things John Tavares would rather do than have a meeting with the Montreal Canadiens. https://t.co/5m‚Ä¶,The Leafs Nation,2019-02-28 14:56:35
"RT @CanadiensMTL: 1/3 The Montreal Canadiens condemn any behavior that targets any player, coach, official or fan based upon race, creed or‚Ä¶",Clarence Seunarine,2019-02-28 14:46:43
"How can it get any better than three guaranteed #Canadiens Autographs? You could also find a game-used Carey Price stick in ONE lucky Montreal #Habs Mystery Box.üí•

‚ñ∂Ô∏è  https://t.co/nfK2NT6dC7 https://t.co/SkwJY8QnL8",Frameworth,2019-02-28 14:46:05
"RT @CanadiensMTL: 1/3 The Montreal Canadiens condemn any behavior that targets any player, coach, official or fan based upon race, creed or‚Ä¶",Melanie C.,2019-02-28 14:42:40
"RT @CanadiensMTL: 1/3 The Montreal Canadiens condemn any behavior that targets any player, coach, official or fan based upon race, creed or‚Ä¶",Tanner Kirby,2019-02-28 14:38:12
"RT @CanadiensMTL: 1/3 The Montreal Canadiens condemn any behavior that targets any player, coach, official or fan based upon race, creed or‚Ä¶",@cynroyjolly,2019-02-28 14:33:53
"RT @CanadiensMTL: 1/3 The Montreal Canadiens condemn any behavior that targets any player, coach, official or fan based upon race, creed or‚Ä¶",Alex Oleksandriw,2019-02-28 14:33:52
@Broncos_grl Very impressed you nailed the spelling of Montreal Canadiens. Most Americans just go with the regular spelling. Canadians.,CanadianBroncoüá®üá¶,2019-02-28 14:32:13
"RT @CanadiensMTL: 1/3 The Montreal Canadiens condemn any behavior that targets any player, coach, official or fan based upon race, creed or‚Ä¶",Backseat Screamer,2019-02-28 14:25:02
"RT @CanadiensMTL: 1/3 The Montreal Canadiens condemn any behavior that targets any player, coach, official or fan based upon race, creed or‚Ä¶",Michael Mihailidis,2019-02-28 14:24:32
"RT @CanadiensMTL: 1/3 The Montreal Canadiens condemn any behavior that targets any player, coach, official or fan based upon race, creed or‚Ä¶",Christian McLeod,2019-02-28 14:19:08
RT @BWildeGlobal: Here is the Call Of The Wilde for @Global_Montreal as the Habs crush the Red Wings. Lots of Jack Tandy in this one .....‚Ä¶,Brian Wilde,2019-02-28 14:15:07
"RT @CanadiensMTL: 1/3 The Montreal Canadiens condemn any behavior that targets any player, coach, official or fan based upon race, creed or‚Ä¶",The Flying Tuba üéπ,2019-02-28 14:08:54
The #RedWings laid an egg/completely no-showed/any other term you want to use for that poor effort Tuesday against Montreal. But just how can that happen? https://t.co/FJBArXtJcp,Freep Sports,2019-02-28 14:00:01
Montreal Canadiens: How to handle goaltending heading into the weekend - National Hockey League News - https://t.co/6c2R3QvPer https://t.co/om7La8iNx5,MLB &NHL News Now,2019-02-28 13:50:39
"RT @CanadiensMTL: 1/3 The Montreal Canadiens condemn any behavior that targets any player, coach, official or fan based upon race, creed or‚Ä¶",Steven Besner,2019-02-28 13:45:51
"RT @CanadiensMTL: 1/3 The Montreal Canadiens condemn any behavior that targets any player, coach, official or fan based upon race, creed or‚Ä¶",Mikey Vallieres,2019-02-28 13:43:54
"@TonyMarinaro 

Hi Tony,

I respect your honesty &amp; integrity,
I hope you can uncover the facts
Do the Montreal Canadiens hire contractors to respond to inquires on their website.
Thank You",johnny iacovino,2019-02-28 13:43:06
RT @jdsnowdy: Lots of people asking tonight about Gerry Butts being a guest of SNC‚Äôs in their VIP suite for Montreal Canadiens games. How m‚Ä¶,Mike,2019-02-28 13:38:25
Montreal Canadiens: How to handle goaltending heading into the weekend #Habs  https://t.co/NgzIbsIM0w https://t.co/psoIdS57ws,Canadiens Report,2019-02-28 13:27:29
RT @GoMontrealCanad: Christian Folin makes good first impression with the Canadiens - Montreal Gazette https://t.co/snNs6pgey4 #Habs #Canad‚Ä¶,Pierre bragdon,2019-02-28 13:23:49
RT @GoMontrealCanad: Stu Cowan: Max Domi has been Mr. Cool with the Canadiens - Montreal Gazette https://t.co/gpTo0OAX3G #Habs #Canadiens #‚Ä¶,Pierre bragdon,2019-02-28 13:23:22
BestPrice Canada -NHL Montreal Canadiens Autographed Cards Damphousse Cassels Schneider Souray  https://t.co/XXyJYLBfaK https://t.co/8BCyo9naSk,NHL SAISON 2018-2019,2019-02-28 13:11:44
"RT @CanadiensMTL: 1/3 The Montreal Canadiens condemn any behavior that targets any player, coach, official or fan based upon race, creed or‚Ä¶",varun_013,2019-02-28 13:09:50
@Bills_Expert @CTVMontreal I know it‚Äôs real. But it has nothing to do with the Montreal Canadiens like you implied......malaka,John Christanis,2019-02-28 13:08:16
@CTVMontreal How the hell can you be a Montreal Canadiens fan @theejohnnyc?,Bills Expert,2019-02-28 13:03:03
"RT @CanadiensMTL: 1/3 The Montreal Canadiens condemn any behavior that targets any player, coach, official or fan based upon race, creed or‚Ä¶",Andrew Zadow,2019-02-28 12:58:34
"RT @CanadiensMTL: 1/3 The Montreal Canadiens condemn any behavior that targets any player, coach, official or fan based upon race, creed or‚Ä¶",Melanye Francisco,2019-02-28 12:53:52
"Wow, awesome win the other day Montreal Canadiens!üëäüèíüëç",Jackie Davey,2019-02-28 12:50:32
RT @HabsEOTP: The #Habs saw the best versions of Max Domi and Andrew Shaw https://t.co/AHSuCQMGQr,Stuart. Elman,2019-02-28 12:43:56
"RT @CanadiensMTL: 1/3 The Montreal Canadiens condemn any behavior that targets any player, coach, official or fan based upon race, creed or‚Ä¶",Xperience Hockey,2019-02-28 12:43:24
"RT @CanadiensMTL: 1/3 The Montreal Canadiens condemn any behavior that targets any player, coach, official or fan based upon race, creed or‚Ä¶",Jennifer St-Pierre,2019-02-28 12:41:53
"RT @CanadiensMTL: 1/3 The Montreal Canadiens condemn any behavior that targets any player, coach, official or fan based upon race, creed or‚Ä¶",Travis Swann,2019-02-28 12:37:49
"RT @CanadiensMTL: 1/3 The Montreal Canadiens condemn any behavior that targets any player, coach, official or fan based upon race, creed or‚Ä¶",Al Carlin,2019-02-28 12:37:45
"RT @CanadiensMTL: 1/3 The Montreal Canadiens condemn any behavior that targets any player, coach, official or fan based upon race, creed or‚Ä¶",Brenda Olshewski,2019-02-28 12:36:54
RT @jdsnowdy: Lots of people asking tonight about Gerry Butts being a guest of SNC‚Äôs in their VIP suite for Montreal Canadiens games. How m‚Ä¶,Jennifer MacKenzie,2019-02-28 12:35:52
RT @HockeyCentraI: The Montreal Canadiens‚Äô season summed up in a gif. https://t.co/EUz43q2Ota,Bure4ever,2019-02-28 12:35:49
The Montreal Canadiens can still add despite the passing trade deadline #Habs  https://t.co/1l4I5n6PWV https://t.co/UCBJXECmng,Canadiens Report,2019-02-28 12:10:31
"RT @CanadiensMTL: 1/3 The Montreal Canadiens condemn any behavior that targets any player, coach, official or fan based upon race, creed or‚Ä¶",Caroline Bourdages,2019-02-28 12:06:54
"RT @CanadiensMTL: 1/3 The Montreal Canadiens condemn any behavior that targets any player, coach, official or fan based upon race, creed or‚Ä¶",Less,2019-02-28 12:06:35
"RT @CanadiensMTL: 1/3 The Montreal Canadiens condemn any behavior that targets any player, coach, official or fan based upon race, creed or‚Ä¶",Eitan,2019-02-28 11:59:14
RT @jdsnowdy: Lots of people asking tonight about Gerry Butts being a guest of SNC‚Äôs in their VIP suite for Montreal Canadiens games. How m‚Ä¶,Ashley West,2019-02-28 11:54:19
"NHL Rumors: Edmonton Oilers, Montreal Canadiens, Micheal Ferland, Wayne Simmonds, More https://t.co/iVnoPRkw9G #THW https://t.co/PtHmtOoEg9",The Hockey Writers,2019-02-28 11:51:01
"RT @CanadiensMTL: 1/3 The Montreal Canadiens condemn any behavior that targets any player, coach, official or fan based upon race, creed or‚Ä¶",Elley,2019-02-28 11:46:57
RT @jdsnowdy: Lots of people asking tonight about Gerry Butts being a guest of SNC‚Äôs in their VIP suite for Montreal Canadiens games. How m‚Ä¶,Ben Rabidoux,2019-02-28 11:45:20
RT @CTVMontreal: Shaw gets hat trick as Canadiens demolish Detroit https://t.co/kmUlpXuj0R https://t.co/KtMWSQNjy5,CTV Montreal,2019-02-28 11:44:32
"RT @CanadiensMTL: 1/3 The Montreal Canadiens condemn any behavior that targets any player, coach, official or fan based upon race, creed or‚Ä¶",Kelley Harvey,2019-02-28 11:40:29
RT @jdsnowdy: Lots of people asking tonight about Gerry Butts being a guest of SNC‚Äôs in their VIP suite for Montreal Canadiens games. How m‚Ä¶,FARTING COW üêÑ FALAFIDEL,2019-02-28 11:32:02
The Montreal Canadiens can still add despite the passing trade deadline - National Hockey League News - https://t.co/hi9xQQmi0m https://t.co/HsSbQEOc1y,MLB &NHL News Now,2019-02-28 11:22:38
"RT @CanadiensMTL: 1/3 The Montreal Canadiens condemn any behavior that targets any player, coach, official or fan based upon race, creed or‚Ä¶",J. Nadiger,2019-02-28 11:13:52
Winnipeg Jets vs. Montreal Canadiens - Official Tickets On Sale &amp; Schedule https://t.co/c0gth7GAkN,HockeyTickets.ca,2019-02-28 11:00:22
"Montreal Canadiens is performing in Winnipeg on  at  Bell MTS Place on Sat Mar 30, 2019 -  https://t.co/6ul4wieIge https://t.co/AilZpV2VeA",Juan Santana,2019-02-28 11:00:21
"RT @CanadiensMTL: 1/3 The Montreal Canadiens condemn any behavior that targets any player, coach, official or fan based upon race, creed or‚Ä¶",LaDameBlanche,2019-02-28 10:57:17
"RT @CanadiensMTL: 1/3 The Montreal Canadiens condemn any behavior that targets any player, coach, official or fan based upon race, creed or‚Ä¶",Darryl MacLeod,2019-02-28 10:50:36
"RT @CanadiensMTL: 1/3 The Montreal Canadiens condemn any behavior that targets any player, coach, official or fan based upon race, creed or‚Ä¶",Michael Proietti,2019-02-28 10:46:29
"RT @CanadiensMTL: 1/3 The Montreal Canadiens condemn any behavior that targets any player, coach, official or fan based upon race, creed or‚Ä¶",Abdallah Hendi,2019-02-28 10:13:38
"RT @CanadiensMTL: 1/3 The Montreal Canadiens condemn any behavior that targets any player, coach, official or fan based upon race, creed or‚Ä¶",Tony Omran,2019-02-28 10:04:44
Montreal Canadiens: Claude Julien among top names in Jack Adams race #Canadiens  https://t.co/LqSncYK5Hi https://t.co/MHaIWjJwlH,Canadiens Report,2019-02-28 09:57:28
2013 Totally Certified Platinum Gold #189 Jarred Tinordi Montreal Canadiens Card: $12.28 End Date: Thursday Feb-28-2019 2:15:42 PST Buy It Now for only: $12.28 Buy It Now | Add to watch list https://t.co/3wkBEvGP6h https://t.co/MkhOuQ8dxI,BuyMySportsCards,2019-02-28 09:26:07
Montreal Canadiens: Claude Julien among top names in Jack Adams race - National Hockey League News - https://t.co/UYopgTHRVV https://t.co/qL0WLgYURl,MLB &NHL News Now,2019-02-28 09:22:12
RT @M_JClayton: On this day in 1940 the world‚Äôs first televised hockey game happened at Madison Square Garden. The New York Rangers defeate‚Ä¶,Sabrina Gardiner üç∞üéÇ,2019-02-28 08:53:10
Montreal standing pat at the deadline was a sensible decision - Habs Eyes on the Prize https://t.co/C1GCk7X5kZ,The Daily Sensible,2019-02-28 08:00:10
"RT @CanadiensMTL: 1/3 The Montreal Canadiens condemn any behavior that targets any player, coach, official or fan based upon race, creed or‚Ä¶",YOUNG GUCCI,2019-02-28 07:34:47
"RT @CanadiensMTL: 1/3 The Montreal Canadiens condemn any behavior that targets any player, coach, official or fan based upon race, creed or‚Ä¶",won gwanghyun,2019-02-28 07:29:24
"RT @CanadiensMTL: 1/3 The Montreal Canadiens condemn any behavior that targets any player, coach, official or fan based upon race, creed or‚Ä¶",Sean Barie NBC-2,2019-02-28 07:18:36
"RT @CanadiensMTL: 1/3 The Montreal Canadiens condemn any behavior that targets any player, coach, official or fan based upon race, creed or‚Ä¶",Mike Pavey,2019-02-28 07:11:37
RT @mtl_prospects: Montreal Canadiens Mid-Season Prospects Rankings. #Habs https://t.co/14wzIgr64P https://t.co/VA8KFTryUp,UpToDateOnCH,2019-02-28 07:10:48
"RT @CanadiensMTL: 1/3 The Montreal Canadiens condemn any behavior that targets any player, coach, official or fan based upon race, creed or‚Ä¶",Suzy Q.,2019-02-28 07:00:23
"RT @CanadiensMTL: 1/3 The Montreal Canadiens condemn any behavior that targets any player, coach, official or fan based upon race, creed or‚Ä¶",BooDeaner,2019-02-28 06:52:54
"RT @CanadiensMTL: 1/3 The Montreal Canadiens condemn any behavior that targets any player, coach, official or fan based upon race, creed or‚Ä¶",702Goonieü•Öüêô‚öîÔ∏è,2019-02-28 06:49:49
"RT @CanadiensMTL: 1/3 The Montreal Canadiens condemn any behavior that targets any player, coach, official or fan based upon race, creed or‚Ä¶",Bloumeister,2019-02-28 06:27:51
"RT @CanadiensMTL: 1/3 The Montreal Canadiens condemn any behavior that targets any player, coach, official or fan based upon race, creed or‚Ä¶",Pancake City,2019-02-28 06:03:46
"RT @CanadiensMTL: 1/3 The Montreal Canadiens condemn any behavior that targets any player, coach, official or fan based upon race, creed or‚Ä¶",Plander Benedek,2019-02-28 05:40:27
"RT @CanadiensMTL: 1/3 The Montreal Canadiens condemn any behavior that targets any player, coach, official or fan based upon race, creed or‚Ä¶",David Caughran,2019-02-28 05:40:19
@tomhawthorn Recall him with the old Montreal Jr. Canadiens...,Robert Lee üçÄ,2019-02-28 05:38:31
"RT @CanadiensMTL: 1/3 The Montreal Canadiens condemn any behavior that targets any player, coach, official or fan based upon race, creed or‚Ä¶",Fern de Repentigny,2019-02-28 05:34:48
"RT @CanadiensMTL: 1/3 The Montreal Canadiens condemn any behavior that targets any player, coach, official or fan based upon race, creed or‚Ä¶",j.s,2019-02-28 05:34:08
"RT @CanadiensMTL: 1/3 The Montreal Canadiens condemn any behavior that targets any player, coach, official or fan based upon race, creed or‚Ä¶",Vincent Couturier,2019-02-28 05:23:31
Well. It's onto the next game as the #NYR will play against the Montreal Canadiens Friday night at Madison Square Garden.,Dwight Rodwell,2019-02-28 05:16:31
"RT @CanadiensMTL: 1/3 The Montreal Canadiens condemn any behavior that targets any player, coach, official or fan based upon race, creed or‚Ä¶",Faisal Lutchmedial,2019-02-28 05:07:46
RT @jdsnowdy: Lots of people asking tonight about Gerry Butts being a guest of SNC‚Äôs in their VIP suite for Montreal Canadiens games. How m‚Ä¶,Donut Shorts,2019-02-28 05:05:16
"In a probable Stanley Cup preview tonight, the Islanders massacred the Montreal Canadiens 7-3. The line of Clark Gillies-Bryan Trottier-Mike Bossy combined for 10 points, including 4 assists from Bossy. Battlin' Billy Smith made a series of heroic saves on Lafleur-Robinson-Shutt. https://t.co/JqPBqwTvQp",1979 Oilers Day by Day,2019-02-28 05:05:06
RT @jdsnowdy: Lots of people asking tonight about Gerry Butts being a guest of SNC‚Äôs in their VIP suite for Montreal Canadiens games. How m‚Ä¶,DonaldBest.CA,2019-02-28 04:56:09
"RT @CanadiensMTL: 1/3 The Montreal Canadiens condemn any behavior that targets any player, coach, official or fan based upon race, creed or‚Ä¶",Patrick Harroch,2019-02-28 04:56:00
RT @jdsnowdy: Lots of people asking tonight about Gerry Butts being a guest of SNC‚Äôs in their VIP suite for Montreal Canadiens games. How m‚Ä¶,‚ùåWallace Foster‚ùå,2019-02-28 04:43:49
"RT @CanadiensMTL: 1/3 The Montreal Canadiens condemn any behavior that targets any player, coach, official or fan based upon race, creed or‚Ä¶",Audrey Bouffard,2019-02-28 04:27:16
"RT @CanadiensMTL: 1/3 The Montreal Canadiens condemn any behavior that targets any player, coach, official or fan based upon race, creed or‚Ä¶",JD73,2019-02-28 04:25:49
"RT @CanadiensMTL: 1/3 The Montreal Canadiens condemn any behavior that targets any player, coach, official or fan based upon race, creed or‚Ä¶",Shaine McKenna,2019-02-28 04:22:48
"RT @CanadiensMTL: 1/3 The Montreal Canadiens condemn any behavior that targets any player, coach, official or fan based upon race, creed or‚Ä¶",Jenneil Ifill,2019-02-28 04:18:36
"RT @CanadiensMTL: 1/3 The Montreal Canadiens condemn any behavior that targets any player, coach, official or fan based upon race, creed or‚Ä¶",Chris Finnerty,2019-02-28 04:16:23
"RT @billmeltzer: If the @NHLFlyers win tonight, it will be franchise win No. 2,000. They will be first non ""Original Six"" team to reach the‚Ä¶",Kian Dousti,2019-02-28 04:12:17
"RT @CanadiensMTL: 1/3 The Montreal Canadiens condemn any behavior that targets any player, coach, official or fan based upon race, creed or‚Ä¶",Dominick Beaudin,2019-02-28 04:11:51
"RT @CanadiensMTL: 1/3 The Montreal Canadiens condemn any behavior that targets any player, coach, official or fan based upon race, creed or‚Ä¶",Marta Crow,2019-02-28 04:11:34
RT @jdsnowdy: Lots of people asking tonight about Gerry Butts being a guest of SNC‚Äôs in their VIP suite for Montreal Canadiens games. How m‚Ä¶,Mz. Fay#standwithalberta,2019-02-28 04:11:06
"RT @CanadiensMTL: 1/3 The Montreal Canadiens condemn any behavior that targets any player, coach, official or fan based upon race, creed or‚Ä¶",Derek Woodard,2019-02-28 03:57:11
"RT @CanadiensMTL: 1/3 The Montreal Canadiens condemn any behavior that targets any player, coach, official or fan based upon race, creed or‚Ä¶",Dave Starman,2019-02-28 03:42:37
RT @jdsnowdy: Lots of people asking tonight about Gerry Butts being a guest of SNC‚Äôs in their VIP suite for Montreal Canadiens games. How m‚Ä¶,Zippittt,2019-02-28 03:35:55
"RT @CanadiensMTL: 1/3 The Montreal Canadiens condemn any behavior that targets any player, coach, official or fan based upon race, creed or‚Ä¶",Christopher Milo,2019-02-28 03:34:20
RT @jdsnowdy: Lots of people asking tonight about Gerry Butts being a guest of SNC‚Äôs in their VIP suite for Montreal Canadiens games. How m‚Ä¶,KenFranklin,2019-02-28 03:32:29
"RT @CanadiensMTL: 1/3 The Montreal Canadiens condemn any behavior that targets any player, coach, official or fan based upon race, creed or‚Ä¶",Brandon McFall,2019-02-28 03:28:21
"NEXT GAME;
Rangers Home-stand Continues as they host the Montreal Canadiens
Friday, March 1st at 7:00 PM
#NYR vs #Habs https://t.co/T3rTo3ztyQ",RNYRF,2019-02-28 03:27:30
"RT @CanadiensMTL: 1/3 The Montreal Canadiens condemn any behavior that targets any player, coach, official or fan based upon race, creed or‚Ä¶",Diego Violante,2019-02-28 03:25:27
"RT @CanadiensMTL: 1/3 The Montreal Canadiens condemn any behavior that targets any player, coach, official or fan based upon race, creed or‚Ä¶",Britt,2019-02-28 03:24:21
"RT @CanadiensMTL: 1/3 The Montreal Canadiens condemn any behavior that targets any player, coach, official or fan based upon race, creed or‚Ä¶",no'Dog,2019-02-28 03:22:49
"RT @CanadiensMTL: 1/3 The Montreal Canadiens condemn any behavior that targets any player, coach, official or fan based upon race, creed or‚Ä¶",Stephen O,2019-02-28 03:18:11
"RT @CanadiensMTL: 1/3 The Montreal Canadiens condemn any behavior that targets any player, coach, official or fan based upon race, creed or‚Ä¶",jesus garcia,2019-02-28 03:10:47
"RT @CanadiensMTL: 1/3 The Montreal Canadiens condemn any behavior that targets any player, coach, official or fan based upon race, creed or‚Ä¶",Brett Pickler,2019-02-28 03:06:04
RT @jdsnowdy: Lots of people asking tonight about Gerry Butts being a guest of SNC‚Äôs in their VIP suite for Montreal Canadiens games. How m‚Ä¶,Derek Marsh,2019-02-28 03:05:59
RT @jdsnowdy: Lots of people asking tonight about Gerry Butts being a guest of SNC‚Äôs in their VIP suite for Montreal Canadiens games. How m‚Ä¶,Stanley Drang,2019-02-28 03:05:08
RT @jdsnowdy: Lots of people asking tonight about Gerry Butts being a guest of SNC‚Äôs in their VIP suite for Montreal Canadiens games. How m‚Ä¶,James Polk,2019-02-28 03:05:07
"RT @CanadiensMTL: 1/3 The Montreal Canadiens condemn any behavior that targets any player, coach, official or fan based upon race, creed or‚Ä¶",austin williams,2019-02-28 03:03:23
RT @jdsnowdy: Lots of people asking tonight about Gerry Butts being a guest of SNC‚Äôs in their VIP suite for Montreal Canadiens games. How m‚Ä¶,üá®üá¶ GeorganneB üá∫üá∏,2019-02-28 03:02:30
"Lots of people asking tonight about Gerry Butts being a guest of SNC‚Äôs in their VIP suite for Montreal Canadiens games. How many times did Gerry go? What else did he receive?
 @kinsellawarren",Derrick Snowdy,2019-02-28 03:02:12
"RT @CanadiensMTL: 1/3 The Montreal Canadiens condemn any behavior that targets any player, coach, official or fan based upon race, creed or‚Ä¶",Fieja,2019-02-28 02:59:57
"RT @CanadiensMTL: 1/3 The Montreal Canadiens condemn any behavior that targets any player, coach, official or fan based upon race, creed or‚Ä¶",Glimjii,2019-02-28 02:59:12
"RT @CanadiensMTL: 1/3 The Montreal Canadiens condemn any behavior that targets any player, coach, official or fan based upon race, creed or‚Ä¶",Laurie,2019-02-28 02:58:25
"RT @CanadiensMTL: 1/3 The Montreal Canadiens condemn any behavior that targets any player, coach, official or fan based upon race, creed or‚Ä¶",Neubiee,2019-02-28 02:58:04
"RT @CanadiensMTL: 1/3 The Montreal Canadiens condemn any behavior that targets any player, coach, official or fan based upon race, creed or‚Ä¶",Correct Calonji,2019-02-28 02:55:49
"RT @CanadiensMTL: 1/3 The Montreal Canadiens condemn any behavior that targets any player, coach, official or fan based upon race, creed or‚Ä¶",Chris Pierce,2019-02-28 02:50:52
"RT @CanadiensMTL: 1/3 The Montreal Canadiens condemn any behavior that targets any player, coach, official or fan based upon race, creed or‚Ä¶",John Martynuk,2019-02-28 02:49:44
"RT @CanadiensMTL: 1/3 The Montreal Canadiens condemn any behavior that targets any player, coach, official or fan based upon race, creed or‚Ä¶",Julie Boucher,2019-02-28 02:49:25
"RT @CanadiensMTL: 1/3 The Montreal Canadiens condemn any behavior that targets any player, coach, official or fan based upon race, creed or‚Ä¶",Ian Peters,2019-02-28 02:49:09
RT @HockeyCentraI: The Montreal Canadiens‚Äô season summed up in a gif. https://t.co/EUz43q2Ota,SB,2019-02-28 02:48:26
"montreal canadiens:

jeff petry https://t.co/3B2gszz6lp",tank szn‚Ñ¢Ô∏è,2019-02-28 02:45:20
"RT @CanadiensMTL: 1/3 The Montreal Canadiens condemn any behavior that targets any player, coach, official or fan based upon race, creed or‚Ä¶",Marc Shrigley,2019-02-28 02:43:47
"RT @CanadiensMTL: 1/3 The Montreal Canadiens condemn any behavior that targets any player, coach, official or fan based upon race, creed or‚Ä¶",‚ÄõƒÅ·π£im malik,2019-02-28 02:37:41
"RT @CanadiensMTL: 1/3 The Montreal Canadiens condemn any behavior that targets any player, coach, official or fan based upon race, creed or‚Ä¶",34-23-7 ‚ôê Matt,2019-02-28 02:36:31
"RT @CanadiensMTL: 1/3 The Montreal Canadiens condemn any behavior that targets any player, coach, official or fan based upon race, creed or‚Ä¶",Amanda Kurp,2019-02-28 02:32:47
"RT @CanadiensMTL: 1/3 The Montreal Canadiens condemn any behavior that targets any player, coach, official or fan based upon race, creed or‚Ä¶",brian frizzell,2019-02-28 02:23:44
"RT @CanadiensMTL: 1/3 The Montreal Canadiens condemn any behavior that targets any player, coach, official or fan based upon race, creed or‚Ä¶",Johnny Canuck,2019-02-28 02:23:21
Christian Folin makes good first impression with the Canadiens - Montreal Gazette https://t.co/snNs6pgey4 #Habs #Canadiens #GoHabsGo https://t.co/4tIh2YZt95,Montreal Canadiens,2019-02-28 02:21:07
"RT @CanadiensMTL: 1/3 The Montreal Canadiens condemn any behavior that targets any player, coach, official or fan based upon race, creed or‚Ä¶",Michel Pelletier,2019-02-28 02:17:30
"RT @CanadiensMTL: 1/3 The Montreal Canadiens condemn any behavior that targets any player, coach, official or fan based upon race, creed or‚Ä¶",Brian Carstairsüèí üá®üá¶ üè¥Û†ÅßÛ†Å¢Û†Å≥Û†Å£Û†Å¥Û†Åø,2019-02-28 02:06:21
"@BenitoLuego @icefan1313 @SunGarrioch NHL has said repeatedly they're not leaving Ottawa. They want the 1st 4 cities represented- in 1917 The Toronto Arenas, Ottawa Senators, Montreal Canadiens and Montreal Wanderers played in the NHL's inaugural season.  That's why the Centennial Outdoor game was Montreal at Ottawa",markssilverman,2019-02-28 02:00:38
"Way to go Bud!
Cheering for you on a well played hat trick!

https://t.co/IzX31h6D0u

#montrealcanadiens #shawz #hatrick https://t.co/n3uHiQlwgy",BIHC,2019-02-28 02:00:14
"RT @CanadiensMTL: 1/3 The Montreal Canadiens condemn any behavior that targets any player, coach, official or fan based upon race, creed or‚Ä¶",Scott Ewing üá®üá¶,2019-02-28 01:57:53
"RT @CanadiensMTL: 1/3 The Montreal Canadiens condemn any behavior that targets any player, coach, official or fan based upon race, creed or‚Ä¶",David Kirouac,2019-02-28 01:55:42
"RT @CanadiensMTL: 1/3 The Montreal Canadiens condemn any behavior that targets any player, coach, official or fan based upon race, creed or‚Ä¶",Eric Bartelt,2019-02-28 01:51:13
This is disgusting. Much respect to the Montreal Canadiens. ‚ù§Ô∏èüíô https://t.co/vjPPP2QokM,Hockey Feed,2019-02-28 01:49:56
"RT @CanadiensMTL: 1/3 The Montreal Canadiens condemn any behavior that targets any player, coach, official or fan based upon race, creed or‚Ä¶",Margie Gallardo,2019-02-28 01:43:53
"RT @CanadiensMTL: 1/3 The Montreal Canadiens condemn any behavior that targets any player, coach, official or fan based upon race, creed or‚Ä¶",auudreey,2019-02-28 01:41:11
"RT @CanadiensMTL: 1/3 The Montreal Canadiens condemn any behavior that targets any player, coach, official or fan based upon race, creed or‚Ä¶",David (Canuck0177),2019-02-28 01:37:32
"RT @TheEagleDares: All-time wins for the Montreal Canadiens:

Jacques Plante: 314
Carey Price: 312

3 more wins for Price to make history.‚Ä¶",L'Acadien,2019-02-28 01:36:13
"RT @Robert_LWOS: Latest by @AKlisivitch
Keeping Antti Niemi Was The Right Move for the Montreal #Canadiens 
https://t.co/m9PxDrmZLR via @la‚Ä¶",Robert Deininger,2019-02-28 01:36:11
"RT @CanadiensMTL: 1/3 The Montreal Canadiens condemn any behavior that targets any player, coach, official or fan based upon race, creed or‚Ä¶",Martin Lussier,2019-02-28 01:33:51
"RT @CanadiensMTL: 1/3 The Montreal Canadiens condemn any behavior that targets any player, coach, official or fan based upon race, creed or‚Ä¶",Rita,2019-02-28 01:32:15
"RT @CanadiensMTL: 1/3 The Montreal Canadiens condemn any behavior that targets any player, coach, official or fan based upon race, creed or‚Ä¶",Dillon,2019-02-28 01:32:10
"RT @CanadiensMTL: 1/3 The Montreal Canadiens condemn any behavior that targets any player, coach, official or fan based upon race, creed or‚Ä¶",Andrew,2019-02-28 01:31:58
"Stu #Cowan: Max Domi has been Mr. Cool with the Canadiens - Montreal Gazette
#impactmontreal üá∫üá∏ #MLS 
https://t.co/sdadbtorFa",‚öΩÔ∏è Football News,2019-02-28 01:31:32
"RT @CanadiensMTL: 1/3 The Montreal Canadiens condemn any behavior that targets any player, coach, official or fan based upon race, creed or‚Ä¶",Brad76,2019-02-28 01:30:02
"RT @CanadiensMTL: 1/3 The Montreal Canadiens condemn any behavior that targets any player, coach, official or fan based upon race, creed or‚Ä¶",Tazb78,2019-02-28 01:25:18
Stu Cowan: Max Domi has been Mr. Cool with the Canadiens - Montreal Gazette https://t.co/gpTo0OAX3G #Habs #Canadiens #GoHabsGo https://t.co/ZT5rbgQYsg,Montreal Canadiens,2019-02-28 01:21:06
"RT @CanadiensMTL: 1/3 The Montreal Canadiens condemn any behavior that targets any player, coach, official or fan based upon race, creed or‚Ä¶",Jeremiea White,2019-02-28 01:19:46
"RT @CanadiensMTL: 1/3 The Montreal Canadiens condemn any behavior that targets any player, coach, official or fan based upon race, creed or‚Ä¶",gabrielle - üêç‚≠êÔ∏è,2019-02-28 01:19:12
"RT @CanadiensMTL: 1/3 The Montreal Canadiens condemn any behavior that targets any player, coach, official or fan based upon race, creed or‚Ä¶",Adam Bell,2019-02-28 01:19:03
"RT @CanadiensMTL: 1/3 The Montreal Canadiens condemn any behavior that targets any player, coach, official or fan based upon race, creed or‚Ä¶",Jonathan B.-Mailhot,2019-02-28 01:17:13
"RT @CanadiensMTL: 1/3 The Montreal Canadiens condemn any behavior that targets any player, coach, official or fan based upon race, creed or‚Ä¶",Effie,2019-02-28 01:10:44
"RT @CanadiensMTL: 1/3 The Montreal Canadiens condemn any behavior that targets any player, coach, official or fan based upon race, creed or‚Ä¶",üá¨üáßLionFromTheNorthüáÆüá∏,2019-02-28 01:05:06
"RT @CanadiensMTL: 1/3 The Montreal Canadiens condemn any behavior that targets any player, coach, official or fan based upon race, creed or‚Ä¶",Dylan Veerasamy,2019-02-28 01:03:51
"RT @CanadiensMTL: 1/3 The Montreal Canadiens condemn any behavior that targets any player, coach, official or fan based upon race, creed or‚Ä¶",Frederic Lapointe,2019-02-28 01:03:04
"RT @CanadiensMTL: 1/3 The Montreal Canadiens condemn any behavior that targets any player, coach, official or fan based upon race, creed or‚Ä¶",John Edwards,2019-02-28 01:01:18
"RT @CanadiensMTL: 1/3 The Montreal Canadiens condemn any behavior that targets any player, coach, official or fan based upon race, creed or‚Ä¶",David St-Onge,2019-02-28 00:57:45
"RT @CanadiensMTL: 1/3 The Montreal Canadiens condemn any behavior that targets any player, coach, official or fan based upon race, creed or‚Ä¶",Charles Gaudreault,2019-02-28 00:56:54
"RT @CanadiensMTL: 1/3 The Montreal Canadiens condemn any behavior that targets any player, coach, official or fan based upon race, creed or‚Ä¶",Alex Hickman,2019-02-28 00:55:15
"RT @CanadiensMTL: 1/3 The Montreal Canadiens condemn any behavior that targets any player, coach, official or fan based upon race, creed or‚Ä¶",Christina Ganev,2019-02-28 00:54:18
"RT @CanadiensMTL: 1/3 The Montreal Canadiens condemn any behavior that targets any player, coach, official or fan based upon race, creed or‚Ä¶",Maaz,2019-02-28 00:46:38
"@nanaroohabsgirl I saw that and commented elsewhere in another thread. It's deplorable.
Still don't know how it made any of the Montreal Canadiens players racist. At all.",Libby's Papi 517,2019-02-28 00:34:53
"BLANK BUDGET STEAL, GO FAST! Montreal Canadiens Home Blank Reebok Size S‚Äî $17 BIN! Look, I don‚Äôt know any French to add as witty commentary. Sorry about that. If you‚Äôre the lucky winner, let us know! #FoundByTJF #GoHabsGo #HockeyTwitter https://t.co/hq13NNHEkN",The Jersey Finder- TJF,2019-02-28 00:34:42
"RT @CanadiensMTL: 1/3 The Montreal Canadiens condemn any behavior that targets any player, coach, official or fan based upon race, creed or‚Ä¶",Lƒìah Ianthine,2019-02-28 00:30:23
"RT @LAKings: We're turning time back to 1970 when the LA Kings took on the Montreal Canadiens!
Listen to this Wayback Wednesday game at 12p‚Ä¶",ùëÄùíπùëúùíΩ ùí±ùí∂ùìÉùëîùëú üõ∏,2019-02-28 00:28:58
"RT @CanadiensMTL: 1/3 The Montreal Canadiens condemn any behavior that targets any player, coach, official or fan based upon race, creed or‚Ä¶",Jocelyn,2019-02-28 00:28:54
@TSNBobMcKenzie This is totally fucked.  Especially when P.K. Subban used to be on the Montreal Canadiens.  What the fuck.,Colin Hogan,2019-02-28 00:27:06
"RT @CanadiensMTL: 1/3 The Montreal Canadiens condemn any behavior that targets any player, coach, official or fan based upon race, creed or‚Ä¶",Coralie,2019-02-28 00:26:41
"RT @CanadiensMTL: 1/3 The Montreal Canadiens condemn any behavior that targets any player, coach, official or fan based upon race, creed or‚Ä¶",Tommy Grillas,2019-02-28 00:25:37
"RT @paul_eastside: RWT answer. In 1914 a deal was made between The PCHL, The Maritime league and The NHA, The deal was the 3 would play to‚Ä¶",Daniel Carr,2019-02-28 00:21:57
"RT @CanadiensMTL: 1/3 The Montreal Canadiens condemn any behavior that targets any player, coach, official or fan based upon race, creed or‚Ä¶",Keen,2019-02-28 00:20:45
"RT @CanadiensMTL: 1/3 The Montreal Canadiens condemn any behavior that targets any player, coach, official or fan based upon race, creed or‚Ä¶",Kevi–∏ ü¶Ö‚ö™Ô∏èüî¥üáµüáπüá®üá¶,2019-02-28 00:14:20
"RT @CanadiensMTL: 1/3 The Montreal Canadiens condemn any behavior that targets any player, coach, official or fan based upon race, creed or‚Ä¶",Curtis Kinsella,2019-02-28 00:12:16
"RT @CanadiensMTL: 1/3 The Montreal Canadiens condemn any behavior that targets any player, coach, official or fan based upon race, creed or‚Ä¶",Benjamin Contant,2019-02-28 00:11:45
"RT @CanadiensMTL: 1/3 The Montreal Canadiens condemn any behavior that targets any player, coach, official or fan based upon race, creed or‚Ä¶",John Vamianakis,2019-02-28 00:10:03
"RT @CanadiensMTL: 1/3 The Montreal Canadiens condemn any behavior that targets any player, coach, official or fan based upon race, creed or‚Ä¶",Arjan Deol,2019-02-28 00:05:59
"RT @CanadiensMTL: 1/3 The Montreal Canadiens condemn any behavior that targets any player, coach, official or fan based upon race, creed or‚Ä¶",ryan.,2019-02-28 00:03:51
"RT @CanadiensMTL: 1/3 The Montreal Canadiens condemn any behavior that targets any player, coach, official or fan based upon race, creed or‚Ä¶",Michael Snow,2019-02-28 00:02:32
"RT @CanadiensMTL: 1/3 The Montreal Canadiens condemn any behavior that targets any player, coach, official or fan based upon race, creed or‚Ä¶",Gerald Allan Asivak,2019-02-28 00:01:20
"RT @CanadiensMTL: 1/3 The Montreal Canadiens condemn any behavior that targets any player, coach, official or fan based upon race, creed or‚Ä¶",hopalongcasualty,2019-02-28 00:01:09
RT @scottmatla: The #Habs saw the best versions of Max Domi and Andrew Shaw  https://t.co/lwcYqFmRFf,Eyes on the Prize,2019-02-28 00:00:26
"RT @CanadiensMTL: 1/3 The Montreal Canadiens condemn any behavior that targets any player, coach, official or fan based upon race, creed or‚Ä¶",BJ Hubble,2019-02-27 23:59:34
@phoneymahoney Why is Montreal the Canadiens?  I can only guess that ‚ÄòA‚Äôs must be more expensive in Canadia,Patrick Caraher,2019-02-27 23:59:24
"RT @CanadiensMTL: 1/3 The Montreal Canadiens condemn any behavior that targets any player, coach, official or fan based upon race, creed or‚Ä¶",Mitchell Manuel,2019-02-27 23:58:46
"@GoMaconBacon Berg, 55, and either the San Fran Giants or Montreal Canadiens.",Bergüá≥üá¥üá∫üá∏,2019-02-27 23:54:08
"RT @CanadiensMTL: 1/3 The Montreal Canadiens condemn any behavior that targets any player, coach, official or fan based upon race, creed or‚Ä¶",Enigma,2019-02-27 23:53:51
"RT @CanadiensMTL: 1/3 The Montreal Canadiens condemn any behavior that targets any player, coach, official or fan based upon race, creed or‚Ä¶",.,2019-02-27 23:52:11
"RT @paul_eastside: RWT answer. In 1914 a deal was made between The PCHL, The Maritime league and The NHA, The deal was the 3 would play to‚Ä¶",#Freehan77  üêØ‚öæ John B. Sharp,2019-02-27 23:51:37
"RT @CanadiensMTL: 1/3 The Montreal Canadiens condemn any behavior that targets any player, coach, official or fan based upon race, creed or‚Ä¶",Mitch Peacock,2019-02-27 23:43:54
"RT @CanadiensMTL: 1/3 The Montreal Canadiens condemn any behavior that targets any player, coach, official or fan based upon race, creed or‚Ä¶",Mazen Samhat,2019-02-27 23:41:59
"RT @paul_eastside: RWT answer. In 1914 a deal was made between The PCHL, The Maritime league and The NHA, The deal was the 3 would play to‚Ä¶",Nate Struman,2019-02-27 23:41:24
"RT @CanadiensMTL: 1/3 The Montreal Canadiens condemn any behavior that targets any player, coach, official or fan based upon race, creed or‚Ä¶",Haidyn,2019-02-27 23:37:17
"RT @CanadiensMTL: 1/3 The Montreal Canadiens condemn any behavior that targets any player, coach, official or fan based upon race, creed or‚Ä¶",Ryan Fortin,2019-02-27 23:35:04
"RT @CanadiensMTL: 1/3 The Montreal Canadiens condemn any behavior that targets any player, coach, official or fan based upon race, creed or‚Ä¶",Andrew üñá,2019-02-27 23:33:42
"RT @CanadiensMTL: 1/3 The Montreal Canadiens condemn any behavior that targets any player, coach, official or fan based upon race, creed or‚Ä¶",Tom Blake,2019-02-27 23:33:31
"RT @CanadiensMTL: 1/3 The Montreal Canadiens condemn any behavior that targets any player, coach, official or fan based upon race, creed or‚Ä¶",Jon Sanz,2019-02-27 23:31:50
"RT @CanadiensMTL: 1/3 The Montreal Canadiens condemn any behavior that targets any player, coach, official or fan based upon race, creed or‚Ä¶",Dan,2019-02-27 23:31:32
"RT @CanadiensMTL: 1/3 The Montreal Canadiens condemn any behavior that targets any player, coach, official or fan based upon race, creed or‚Ä¶",Colin Bradley,2019-02-27 23:29:53
#WinStuffWednesday Montreal Canadiens 77-78 https://t.co/4bIXQekXXx #Habs,MtlCanadiens,2019-02-27 23:25:57
"RT @CanadiensMTL: 1/3 The Montreal Canadiens condemn any behavior that targets any player, coach, official or fan based upon race, creed or‚Ä¶",lynn marie,2019-02-27 23:25:19
"RT @CanadiensMTL: 1/3 The Montreal Canadiens condemn any behavior that targets any player, coach, official or fan based upon race, creed or‚Ä¶",Matt Nafe,2019-02-27 23:24:56
"RT @CanadiensMTL: 1/3 The Montreal Canadiens condemn any behavior that targets any player, coach, official or fan based upon race, creed or‚Ä¶",Allen Schneider,2019-02-27 23:24:53
"RT @CanadiensMTL: 1/3 The Montreal Canadiens condemn any behavior that targets any player, coach, official or fan based upon race, creed or‚Ä¶",Matt Kremkau,2019-02-27 23:23:21
"RT @CanadiensMTL: 1/3 The Montreal Canadiens condemn any behavior that targets any player, coach, official or fan based upon race, creed or‚Ä¶",HockeyQuester,2019-02-27 23:23:18
"RT @CanadiensMTL: 1/3 The Montreal Canadiens condemn any behavior that targets any player, coach, official or fan based upon race, creed or‚Ä¶",Daniele Medlej,2019-02-27 23:22:16
"RT @CanadiensMTL: 1/3 The Montreal Canadiens condemn any behavior that targets any player, coach, official or fan based upon race, creed or‚Ä¶",Luke Stanbery | #KanerForTheHart,2019-02-27 23:21:48
"RT @CanadiensMTL: 1/3 The Montreal Canadiens condemn any behavior that targets any player, coach, official or fan based upon race, creed or‚Ä¶",Logan Bilodeau,2019-02-27 23:20:30
"RT @CanadiensMTL: 1/3 The Montreal Canadiens condemn any behavior that targets any player, coach, official or fan based upon race, creed or‚Ä¶",Emir Ozdemir,2019-02-27 23:18:58
"RT @paul_eastside: RWT answer. In 1914 a deal was made between The PCHL, The Maritime league and The NHA, The deal was the 3 would play to‚Ä¶",Jim,2019-02-27 23:18:51
"RT @CanadiensMTL: 1/3 The Montreal Canadiens condemn any behavior that targets any player, coach, official or fan based upon race, creed or‚Ä¶",Shawn (Hawk) Hawkins - NHL Insider,2019-02-27 23:16:35
"RT @rabidhabs: Podcast: The Recency Bias - Game 64 | Habs at Red Wings
Can we call it The Murder in Motown? Your Montreal Canadiens lit up‚Ä¶",Don Treagus,2019-02-27 23:15:53
"RT @CanadiensMTL: 1/3 The Montreal Canadiens condemn any behavior that targets any player, coach, official or fan based upon race, creed or‚Ä¶",Ryan Darrall,2019-02-27 23:14:30
"RT @CanadiensMTL: 1/3 The Montreal Canadiens condemn any behavior that targets any player, coach, official or fan based upon race, creed or‚Ä¶",Alison Platypus,2019-02-27 23:13:30
"RT @CanadiensMTL: 1/3 The Montreal Canadiens condemn any behavior that targets any player, coach, official or fan based upon race, creed or‚Ä¶",Jamie,2019-02-27 23:13:04
"RT @CanadiensMTL: 1/3 The Montreal Canadiens condemn any behavior that targets any player, coach, official or fan based upon race, creed or‚Ä¶",Brian Kelly,2019-02-27 23:12:21
"RT @CanadiensMTL: 1/3 The Montreal Canadiens condemn any behavior that targets any player, coach, official or fan based upon race, creed or‚Ä¶",Gretch Kativa Berg,2019-02-27 23:12:12
"RT @CanadiensMTL: 1/3 The Montreal Canadiens condemn any behavior that targets any player, coach, official or fan based upon race, creed or‚Ä¶",Tom G,2019-02-27 23:11:12
"RT @CanadiensMTL: 1/3 The Montreal Canadiens condemn any behavior that targets any player, coach, official or fan based upon race, creed or‚Ä¶",WM,2019-02-27 23:11:09
"RT @CanadiensMTL: 1/3 The Montreal Canadiens condemn any behavior that targets any player, coach, official or fan based upon race, creed or‚Ä¶",Ron Giofu,2019-02-27 23:10:36
"RT @CanadiensMTL: 1/3 The Montreal Canadiens condemn any behavior that targets any player, coach, official or fan based upon race, creed or‚Ä¶",F√©lix Leduc,2019-02-27 23:10:30
"RT @CanadiensMTL: 1/3 The Montreal Canadiens condemn any behavior that targets any player, coach, official or fan based upon race, creed or‚Ä¶",üçÅRakeemüçÅüèí,2019-02-27 23:09:55
"RT @CanadiensMTL: 1/3 The Montreal Canadiens condemn any behavior that targets any player, coach, official or fan based upon race, creed or‚Ä¶",Eamon McAdmin,2019-02-27 23:09:54
"RT @CanadiensMTL: 1/3 The Montreal Canadiens condemn any behavior that targets any player, coach, official or fan based upon race, creed or‚Ä¶",Jean-Michael Fortin,2019-02-27 23:09:39
"RT @CanadiensMTL: 1/3 The Montreal Canadiens condemn any behavior that targets any player, coach, official or fan based upon race, creed or‚Ä¶",Olaf Bentk√§mper,2019-02-27 23:09:37
"RT @CanadiensMTL: 1/3 The Montreal Canadiens condemn any behavior that targets any player, coach, official or fan based upon race, creed or‚Ä¶",Austin from boston,2019-02-27 23:09:28
"RT @CanadiensMTL: 1/3 The Montreal Canadiens condemn any behavior that targets any player, coach, official or fan based upon race, creed or‚Ä¶",Kimber,2019-02-27 23:09:26
"RT @CanadiensMTL: 1/3 The Montreal Canadiens condemn any behavior that targets any player, coach, official or fan based upon race, creed or‚Ä¶",Ali Honarmand #AEW,2019-02-27 23:09:22
"RT @CanadiensMTL: 1/3 The Montreal Canadiens condemn any behavior that targets any player, coach, official or fan based upon race, creed or‚Ä¶",P Laurieri üá®üá¶,2019-02-27 23:09:20
"RT @CanadiensMTL: 1/3 The Montreal Canadiens condemn any behavior that targets any player, coach, official or fan based upon race, creed or‚Ä¶",Leslie Jr D,2019-02-27 23:09:12
"RT @CanadiensMTL: 1/3 The Montreal Canadiens condemn any behavior that targets any player, coach, official or fan based upon race, creed or‚Ä¶",Bias Kessel Fan,2019-02-27 23:09:08
"RT @CanadiensMTL: 1/3 The Montreal Canadiens condemn any behavior that targets any player, coach, official or fan based upon race, creed or‚Ä¶",Pat,2019-02-27 23:09:03
"RT @CanadiensMTL: 1/3 The Montreal Canadiens condemn any behavior that targets any player, coach, official or fan based upon race, creed or‚Ä¶",Rob Taub,2019-02-27 23:09:03
"RT @CanadiensMTL: 1/3 The Montreal Canadiens condemn any behavior that targets any player, coach, official or fan based upon race, creed or‚Ä¶",Annik Lemire,2019-02-27 23:08:54
"RT @CanadiensMTL: 1/3 The Montreal Canadiens condemn any behavior that targets any player, coach, official or fan based upon race, creed or‚Ä¶",Devin,2019-02-27 23:08:44
"RT @CanadiensMTL: 1/3 The Montreal Canadiens condemn any behavior that targets any player, coach, official or fan based upon race, creed or‚Ä¶",NHL Sabres News,2019-02-27 23:08:40
"RT @CanadiensMTL: 1/3 The Montreal Canadiens condemn any behavior that targets any player, coach, official or fan based upon race, creed or‚Ä¶",Pierre LeBrun,2019-02-27 23:08:27
RT @HabsEOTP: The #Habs saw the best versions of Max Domi and Andrew Shaw https://t.co/AHSuCQMGQr,Don Treagus,2019-02-27 23:08:19
"RT @CanadiensMTL: 1/3 The Montreal Canadiens condemn any behavior that targets any player, coach, official or fan based upon race, creed or‚Ä¶",Teep Menon,2019-02-27 23:06:39
RT @hockeynight: Montreal's Max Domi earns career-high 5 points in team's rout of Detroit https://t.co/76mBqlTKax,Don Treagus,2019-02-27 23:05:41
"RT @paul_eastside: RWT answer. In 1914 a deal was made between The PCHL, The Maritime league and The NHA, The deal was the 3 would play to‚Ä¶",Tim Arrick,2019-02-27 23:04:42
RT @hockeynight: Andrew Shaw getting the job done for the Habs: https://t.co/QyhBuQNocU https://t.co/DGFMGf4IT6,Don Treagus,2019-02-27 23:04:35
"RT @hockeynight: Gallagher last week, Shaw this week?

It's a great time in Montreal to net your first career hat trick üé©üé©üé© https://t.co/76‚Ä¶",Don Treagus,2019-02-27 23:04:24
"RT @CanadiensMTL: 1/3 The Montreal Canadiens condemn any behavior that targets any player, coach, official or fan based upon race, creed or‚Ä¶",Maya Johnson,2019-02-27 23:04:21
"RT @paul_eastside: RWT answer. In 1914 a deal was made between The PCHL, The Maritime league and The NHA, The deal was the 3 would play to‚Ä¶",Brian Dudek,2019-02-27 23:02:10
"RT @paul_eastside: RWT answer. In 1914 a deal was made between The PCHL, The Maritime league and The NHA, The deal was the 3 would play to‚Ä¶",Raj Lakra,2019-02-27 23:02:07
"RT @paul_eastside: RWT answer. In 1914 a deal was made between The PCHL, The Maritime league and The NHA, The deal was the 3 would play to‚Ä¶",chris,2019-02-27 23:01:51
ACFA bringing Montreal Canadiens Alumni to St. Albert - https://t.co/NvsAGdfk91 https://t.co/zXON6E7Cr5,MorinvilleNews.com,2019-02-27 23:00:49
"RWT answer. In 1914 a deal was made between The PCHL, The Maritime league and The NHA, The deal was the 3 would play to determine The ""Worlds"" best team.The Portland Rosebuds were the 1st US team to play for the Cup. Who beat them? The Montreal Canadiens!",Eastside Paul,2019-02-27 22:59:25
"RT @CanadiensMTL: 1/3 The Montreal Canadiens condemn any behavior that targets any player, coach, official or fan based upon race, creed or‚Ä¶",Nick (SUB TO PEWDIEPIE),2019-02-27 22:59:16
My column on the big impact Max Domi has had on the #Habs during his first season in Montreal #HabsIO: https://t.co/754xopx2IC,Stu Cowan,2019-02-27 22:58:39
"RT @CanadiensMTL: 1/3 The Montreal Canadiens condemn any behavior that targets any player, coach, official or fan based upon race, creed or‚Ä¶",Dmitri,2019-02-27 22:56:46
"RT @CanadiensMTL: 1/3 The Montreal Canadiens condemn any behavior that targets any player, coach, official or fan based upon race, creed or‚Ä¶",Andreas,2019-02-27 22:55:28
"RT @CanadiensMTL: 1/3 The Montreal Canadiens condemn any behavior that targets any player, coach, official or fan based upon race, creed or‚Ä¶",Oliver H üß©,2019-02-27 22:52:55
"RT @CanadiensMTL: 1/3 The Montreal Canadiens condemn any behavior that targets any player, coach, official or fan based upon race, creed or‚Ä¶",UpToDateOnCH,2019-02-27 22:52:50
"RT @CanadiensMTL: 1/3 The Montreal Canadiens condemn any behavior that targets any player, coach, official or fan based upon race, creed or‚Ä¶",Eric Danis,2019-02-27 22:51:44
"RT @ChrisHabs360: RECAP | #Habs ‚Äì #RedWings: #Habs Crush #Wings, Shaw Nets Hat Trick by @AllHabs https://t.co/QwI5rYFwbm @RocketSports http‚Ä¶",the Montreal Forum,2019-02-27 22:50:08
"RT @CanadiensMTL: 1/3 The Montreal Canadiens condemn any behavior that targets any player, coach, official or fan based upon race, creed or‚Ä¶",Micropan44,2019-02-27 22:46:42
"RT @CanadiensMTL: 1/3 The Montreal Canadiens condemn any behavior that targets any player, coach, official or fan based upon race, creed or‚Ä¶",Max St-Jacques,2019-02-27 22:45:32
"RT @CanadiensMTL: 1/3 The Montreal Canadiens condemn any behavior that targets any player, coach, official or fan based upon race, creed or‚Ä¶",PeterG‚Ñ¢,2019-02-27 22:43:14
"RT @CanadiensMTL: 1/3 The Montreal Canadiens condemn any behavior that targets any player, coach, official or fan based upon race, creed or‚Ä¶",Rattlydread09üéÉ,2019-02-27 22:38:52
Check out Montreal Canadiens Hockey Red/Blue NHL Baseball Cap Snapback #Reebok #BaseballCap https://t.co/8QTO0rx4PO via @eBay,Charlie's Treasures,2019-02-27 22:37:31
"Latest by @AKlisivitch
Keeping Antti Niemi Was The Right Move for the Montreal #Canadiens 
https://t.co/m9PxDrmZLR via @lastwordonpuck #LWOS",Robert Deininger,2019-02-27 22:36:07
RT @lastwordonsport: Keeping Antti Niemi Was The Right Move for the Montreal Canadiens - https://t.co/Yv0KCi8VB8 via @LastWordOnPuck,Robert Deininger,2019-02-27 22:35:24
"RT @CanadiensMTL: 1/3 The Montreal Canadiens condemn any behavior that targets any player, coach, official or fan based upon race, creed or‚Ä¶",Queen MKB,2019-02-27 22:32:18
RT @GoMontrealCanad: Montreal‚Äôs powerless power play costs them in New Jersey - Habs Eyes on the Prize https://t.co/FamHPUId3X #Habs #Canad‚Ä¶,Pierre bragdon,2019-02-27 22:30:21
"RT @CanadiensMTL: 1/3 The Montreal Canadiens condemn any behavior that targets any player, coach, official or fan based upon race, creed or‚Ä¶",Elio Di Meo,2019-02-27 22:29:36
RT @GoMontrealCanad: NWT MAX PACIORETTY MONTREAL CANADIENS YOUTH L/XL NHL PREMIER HOCKEY JERSEY 130  https://t.co/OrJGyeq1VW ==&gt; You can fi‚Ä¶,Pierre bragdon,2019-02-27 22:29:17
RT @GoMontrealCanad: The Canadiens saw the best versions of Max Domi and Andrew Shaw - Habs Eyes on the Prize https://t.co/8dSOn4trUU #Habs‚Ä¶,Pierre bragdon,2019-02-27 22:28:36
"RT @CanadiensMTL: 1/3 The Montreal Canadiens condemn any behavior that targets any player, coach, official or fan based upon race, creed or‚Ä¶",Pierre bragdon,2019-02-27 22:27:14
"RT @CanadiensMTL: 1/3 The Montreal Canadiens condemn any behavior that targets any player, coach, official or fan based upon race, creed or‚Ä¶",Gabe Dutto,2019-02-27 22:25:03
Montreal Canadiens Futures: Alexander Romanov makes his playoff debut - National Hockey League News - https://t.co/jsKgexNQ9G https://t.co/S9ZLRPHldS,MLB &NHL News Now,2019-02-27 22:22:17
"RT @LAKings: We're turning time back to 1970 when the LA Kings took on the Montreal Canadiens!
Listen to this Wayback Wednesday game at 12p‚Ä¶",Stephen,2019-02-27 22:20:01
Montreal Canadiens Futures: Alexander Romanov makes his playoff debut #Canadiens  https://t.co/2vepxTziJT https://t.co/9cS8cTqzqD,Canadiens Report,2019-02-27 22:15:21
"RT @LAKings: We're turning time back to 1970 when the LA Kings took on the Montreal Canadiens!
Listen to this Wayback Wednesday game at 12p‚Ä¶",Expert Car Wash,2019-02-27 22:12:33
"RT @CanadiensMTL: 1/3 The Montreal Canadiens condemn any behavior that targets any player, coach, official or fan based upon race, creed or‚Ä¶",Steve Rysen,2019-02-27 22:08:11
Jack Todd: Montreal Canadiens should ignore trade deadline madness #montreal #canadiens #GoHabsGo #bhivechat #bhivenectar #bhivelabs https://t.co/f2NLHEWRmr,BHIVE HABS,2019-02-27 22:07:39
"RT @CanadiensMTL: 1/3 The Montreal Canadiens condemn any behavior that targets any player, coach, official or fan based upon race, creed or‚Ä¶",Lilianne Demers,2019-02-27 22:06:57
"RT @CanadiensMTL: 1/3 The Montreal Canadiens condemn any behavior that targets any player, coach, official or fan based upon race, creed or‚Ä¶",John,2019-02-27 22:03:24
"RT @CanadiensMTL: 1/3 The Montreal Canadiens condemn any behavior that targets any player, coach, official or fan based upon race, creed or‚Ä¶",Dany_R,2019-02-27 22:03:04
"RT @CanadiensMTL: 1/3 The Montreal Canadiens condemn any behavior that targets any player, coach, official or fan based upon race, creed or‚Ä¶",Habs BR üèíüá®üá¶üáßüá∑,2019-02-27 22:02:02
"RT @CanadiensMTL: 1/3 The Montreal Canadiens condemn any behavior that targets any player, coach, official or fan based upon race, creed or‚Ä¶",Habs Rule üá®üá¶üá®üá¶üá®üá¶,2019-02-27 21:59:13
"RT @CanadiensMTL: 1/3 The Montreal Canadiens condemn any behavior that targets any player, coach, official or fan based upon race, creed or‚Ä¶",*Insert our Word* üá®üá¶ ü•Öüèíüá®üá¶,2019-02-27 21:57:02
"RT @CanadiensMTL: 1/3 The Montreal Canadiens condemn any behavior that targets any player, coach, official or fan based upon race, creed or‚Ä¶",Jeff MacNeil,2019-02-27 21:53:17
"RT @CanadiensMTL: 1/3 The Montreal Canadiens condemn any behavior that targets any player, coach, official or fan based upon race, creed or‚Ä¶",Nathan,2019-02-27 21:51:38
"RT @CanadiensMTL: 1/3 The Montreal Canadiens condemn any behavior that targets any player, coach, official or fan based upon race, creed or‚Ä¶",Dave Brodbeck,2019-02-27 21:50:31
"RT @CanadiensMTL: 1/3 The Montreal Canadiens condemn any behavior that targets any player, coach, official or fan based upon race, creed or‚Ä¶",Justin Clarkson,2019-02-27 21:48:31
"RT @CanadiensMTL: 1/3 The Montreal Canadiens condemn any behavior that targets any player, coach, official or fan based upon race, creed or‚Ä¶",youü¶ö,2019-02-27 21:46:36
RT @hockeymontreal0: Canadiens Rout Red Wings ‚Äì Shaw &amp; Domi Lead https://t.co/Kd4faE5QVD,Sam Buick,2019-02-27 21:42:35
"Outstanding msg by the #Habs .
People can‚Äôt even begin to understand what that young man is going thru. Thank you Montreal #Canadiens #NHL https://t.co/T9bLAAL7rL",Stormin Norman,2019-02-27 21:42:09
"RT @CanadiensMTL: 1/3 The Montreal Canadiens condemn any behavior that targets any player, coach, official or fan based upon race, creed or‚Ä¶",Mitchell Price,2019-02-27 21:40:19
"RT @CanadiensMTL: 1/3 The Montreal Canadiens condemn any behavior that targets any player, coach, official or fan based upon race, creed or‚Ä¶",Matthew,2019-02-27 21:40:00
"RT @CanadiensMTL: 1/3 The Montreal Canadiens condemn any behavior that targets any player, coach, official or fan based upon race, creed or‚Ä¶",MasterZ3n,2019-02-27 21:37:41
"RT @CanadiensMTL: 1/3 The Montreal Canadiens condemn any behavior that targets any player, coach, official or fan based upon race, creed or‚Ä¶",Go Sports!!üí™,2019-02-27 21:36:59
"RT @CanadiensMTL: 1/3 The Montreal Canadiens condemn any behavior that targets any player, coach, official or fan based upon race, creed or‚Ä¶","Janet, Crosschecking for Chirps",2019-02-27 21:36:09
"RT @CanadiensMTL: 1/3 The Montreal Canadiens condemn any behavior that targets any player, coach, official or fan based upon race, creed or‚Ä¶",vic,2019-02-27 21:34:32
"RT @CanadiensMTL: 1/3 The Montreal Canadiens condemn any behavior that targets any player, coach, official or fan based upon race, creed or‚Ä¶",Mitchell Alcock,2019-02-27 21:32:34
"RT @CanadiensMTL: 1/3 The Montreal Canadiens condemn any behavior that targets any player, coach, official or fan based upon race, creed or‚Ä¶",Veronica üå∂ üêë,2019-02-27 21:32:25
"RT @CanadiensMTL: 1/3 The Montreal Canadiens condemn any behavior that targets any player, coach, official or fan based upon race, creed or‚Ä¶",Angelaüíú #SaveGotham because it deserves better,2019-02-27 21:31:04
"RT @CanadiensMTL: 1/3 The Montreal Canadiens condemn any behavior that targets any player, coach, official or fan based upon race, creed or‚Ä¶",Fabio Ciarlelli,2019-02-27 21:30:54
"RT @CanadiensMTL: 1/3 The Montreal Canadiens condemn any behavior that targets any player, coach, official or fan based upon race, creed or‚Ä¶",Rachel Reid üèí‚ù§Ô∏è,2019-02-27 21:29:46
"RT @LAKings: We're turning time back to 1970 when the LA Kings took on the Montreal Canadiens!
Listen to this Wayback Wednesday game at 12p‚Ä¶",doug tsutsui  üì¨,2019-02-27 21:28:55
"RT @CanadiensMTL: 1/3 The Montreal Canadiens condemn any behavior that targets any player, coach, official or fan based upon race, creed or‚Ä¶",Sophie,2019-02-27 21:28:08
"RT @CanadiensMTL: 1/3 The Montreal Canadiens condemn any behavior that targets any player, coach, official or fan based upon race, creed or‚Ä¶","Steve Rukavina, CBC",2019-02-27 21:27:53
"RT @CanadiensMTL: 1/3 The Montreal Canadiens condemn any behavior that targets any player, coach, official or fan based upon race, creed or‚Ä¶",AnciensCHC,2019-02-27 21:27:31
"RT @CanadiensMTL: 1/3 The Montreal Canadiens condemn any behavior that targets any player, coach, official or fan based upon race, creed or‚Ä¶",Zoüåô,2019-02-27 21:26:59
"RT @CanadiensMTL: 1/3 The Montreal Canadiens condemn any behavior that targets any player, coach, official or fan based upon race, creed or‚Ä¶",Panagiota Petrakos,2019-02-27 21:26:47
"RT @CanadiensMTL: 1/3 The Montreal Canadiens condemn any behavior that targets any player, coach, official or fan based upon race, creed or‚Ä¶",Andy Gro√üe,2019-02-27 21:26:42
"RT @CanadiensMTL: 1/3 The Montreal Canadiens condemn any behavior that targets any player, coach, official or fan based upon race, creed or‚Ä¶",Stephen Herron,2019-02-27 21:25:49
"RT @CanadiensMTL: 1/3 The Montreal Canadiens condemn any behavior that targets any player, coach, official or fan based upon race, creed or‚Ä¶",Howard M Mandel,2019-02-27 21:25:36
"RT @CanadiensMTL: 1/3 The Montreal Canadiens condemn any behavior that targets any player, coach, official or fan based upon race, creed or‚Ä¶",ÿ∑Ÿá ÿßÿ≠ŸÖÿØ,2019-02-27 21:25:10
"RT @CanadiensMTL: 1/3 The Montreal Canadiens condemn any behavior that targets any player, coach, official or fan based upon race, creed or‚Ä¶",ruby üá®üá¶,2019-02-27 21:24:08
"RT @CanadiensMTL: 1/3 The Montreal Canadiens condemn any behavior that targets any player, coach, official or fan based upon race, creed or‚Ä¶",vilde,2019-02-27 21:24:02
"RT @CanadiensMTL: 1/3 The Montreal Canadiens condemn any behavior that targets any player, coach, official or fan based upon race, creed or‚Ä¶",Steven Steven,2019-02-27 21:23:16
"RT @CanadiensMTL: 1/3 The Montreal Canadiens condemn any behavior that targets any player, coach, official or fan based upon race, creed or‚Ä¶",Sly Bel,2019-02-27 21:22:37
"RT @CanadiensMTL: 1/3 The Montreal Canadiens condemn any behavior that targets any player, coach, official or fan based upon race, creed or‚Ä¶",Patricia Tippett,2019-02-27 21:22:24
"RT @CanadiensMTL: 1/3 The Montreal Canadiens condemn any behavior that targets any player, coach, official or fan based upon race, creed or‚Ä¶",Amy,2019-02-27 21:22:10
"RT @CanadiensMTL: 1/3 The Montreal Canadiens condemn any behavior that targets any player, coach, official or fan based upon race, creed or‚Ä¶",Montreal Canadiens,2019-02-27 21:22:02
"RT @CanadiensMTL: 1/3 The Montreal Canadiens condemn any behavior that targets any player, coach, official or fan based upon race, creed or‚Ä¶",Melissa Burgess,2019-02-27 21:21:32
"RT @CanadiensMTL: 1/3 The Montreal Canadiens condemn any behavior that targets any player, coach, official or fan based upon race, creed or‚Ä¶",filipina princess,2019-02-27 21:21:06
RT @lastwordonsport: Keeping Antti Niemi Was The Right Move for the Montreal Canadiens - https://t.co/Yv0KCi8VB8 via @LastWordOnPuck,Last Word on Habs,2019-02-27 21:20:51
"RT @CanadiensMTL: 1/3 The Montreal Canadiens condemn any behavior that targets any player, coach, official or fan based upon race, creed or‚Ä¶",Mike Rousselle,2019-02-27 21:19:45
"RT @CanadiensMTL: 1/3 The Montreal Canadiens condemn any behavior that targets any player, coach, official or fan based upon race, creed or‚Ä¶",Georgia A. Dujoy,2019-02-27 21:17:39
"RT @CanadiensMTL: 1/3 The Montreal Canadiens condemn any behavior that targets any player, coach, official or fan based upon race, creed or‚Ä¶",Steve,2019-02-27 21:17:27
"RT @CanadiensMTL: 1/3 The Montreal Canadiens condemn any behavior that targets any player, coach, official or fan based upon race, creed or‚Ä¶",Jean Paul Caron,2019-02-27 21:16:30
"RT @CanadiensMTL: 1/3 The Montreal Canadiens condemn any behavior that targets any player, coach, official or fan based upon race, creed or‚Ä¶",Nektario,2019-02-27 21:15:22
"RT @CanadiensMTL: 1/3 The Montreal Canadiens condemn any behavior that targets any player, coach, official or fan based upon race, creed or‚Ä¶",Fanny Charron,2019-02-27 21:15:05
"RT @CanadiensMTL: 1/3 The Montreal Canadiens condemn any behavior that targets any player, coach, official or fan based upon race, creed or‚Ä¶",Matt B,2019-02-27 21:14:51
"RT @CanadiensMTL: 1/3 The Montreal Canadiens condemn any behavior that targets any player, coach, official or fan based upon race, creed or‚Ä¶",Willem Van Herk,2019-02-27 21:14:40
"RT @CanadiensMTL: 1/3 The Montreal Canadiens condemn any behavior that targets any player, coach, official or fan based upon race, creed or‚Ä¶",Chris Ive,2019-02-27 21:13:56
"RT @CanadiensMTL: 1/3 The Montreal Canadiens condemn any behavior that targets any player, coach, official or fan based upon race, creed or‚Ä¶",Michael Bresciani,2019-02-27 21:09:39
"RT @CanadiensMTL: 1/3 The Montreal Canadiens condemn any behavior that targets any player, coach, official or fan based upon race, creed or‚Ä¶",Gigi Lamoroso,2019-02-27 21:06:40
